{"poi_name":"","poi_id":"","verified":true,"country":"India","id":"1440731814998413324","replied_to_tweet_id":null,"replied_to_user_id":null,"reply_text":"","tweet_text":"Teeka laga ke ek Theekana lelo nahin to Trader Bajwa Theekane laga dega\n@ImranKhanPTI\n#KamarKasloImran\nBahut busy hain America ke Rashtrapati? Gussa hai aapse?\n#BandKaroAatankKiDukaan","tweet_lang":"hi","text_hi":"Teeka laga ke ek Theekana lelo nahin to Trader Bajwa Theekane laga dega\n\n\nBahut busy hain America ke Rashtrapati Gussa hai aapse\n","hashtags":["KamarKasloImran","BandKaroAatankKiDukaan"],"mentions":["ImranKhanPTI"],"tweet_urls":[],"tweet_emoticons":[],"tweet_date":"2021-09-22T18:00:00","geolocation":null}
{"poi_name":"","poi_id":"","verified":false,"country":"India","id":"1440726993650085890","replied_to_tweet_id":null,"replied_to_user_id":null,"reply_text":"","tweet_text":"Wah Modi ji Wah Aap Ki Maya,\nKahin Dhoop Kahin Chaya,\nKahin Mritkkon Ko Teeka Lagaya,\nKahin Bina Teeka Lagay Hi \nTeeka Lagwany Ka Cerficate\nDilwaya !!","tweet_lang":"hi","text_hi":"Wah Modi ji Wah Aap Ki Maya\nKahin Dhoop Kahin Chaya\nKahin Mritkkon Ko Teeka Lagaya\nKahin Bina Teeka Lagay Hi \nTeeka Lagwany Ka Cerficate\nDilwaya ","hashtags":[],"mentions":[],"tweet_urls":[],"tweet_emoticons":[],"tweet_date":"2021-09-22T17:00:00","geolocation":null}
{"poi_name":"","poi_id":"","verified":false,"country":"India","id":"1440670747093995523","replied_to_tweet_id":1.440621315e+18,"replied_to_user_id":1.295668496e+18,"reply_text":"","tweet_text":"@Special_jiya Nazar ka kala teeka lagaa do","tweet_lang":"hi","text_hi":" Nazar ka kala teeka lagaa do","hashtags":[],"mentions":["Special_jiya"],"tweet_urls":[],"tweet_emoticons":[],"tweet_date":"2021-09-22T14:00:00","geolocation":null}
{"poi_name":"","poi_id":"","verified":false,"country":"India","id":"1440668826027192322","replied_to_tweet_id":1.440614608e+18,"replied_to_user_id":1.289195179e+18,"reply_text":"","tweet_text":"@murkute_ram @iamkabir__ @Abhishekkkk10 Ab har saal apni tasveer pe sirf teeka lagake wish karega har Hindu festival pe to aise hi fans honge uske aur waise bhi iske fans Bengal aur illegals se bhare padey hai uske. Akshay ki kuch galtiyon pe like karne waley tatt on ko samajh nahi aayega.","tweet_lang":"hi","text_hi":"   Ab har saal apni tasveer pe sirf teeka lagake wish karega har Hindu festival pe to aise hi fans honge uske aur waise bhi iske fans Bengal aur illegals se bhare padey hai uske Akshay ki kuch galtiyon pe like karne waley tatt on ko samajh nahi aayega","hashtags":[],"mentions":["murkute_ram","iamkabir__","Abhishekkkk10"],"tweet_urls":[],"tweet_emoticons":[],"tweet_date":"2021-09-22T13:00:00","geolocation":null}
{"poi_name":"","poi_id":"","verified":false,"country":"India","id":"1440667041472544777","replied_to_tweet_id":null,"replied_to_user_id":null,"reply_text":"","tweet_text":"Naa ghabraana tu jahan main wahan.. \nTo kya hua gar na dikhayi doon yahan.. \n\nHar waqt saath saath he hain hum tum\nNa hona maayus ya gumsum.. \nTumse duur na reh paayenge hum..\nHaan haan haan hai yeh kasam..\n\nMuch love and still kaala teeka\n#SidharthShukIa\n#ShehnaazGiII \n#SidNaaz https:\/\/t.co\/DX1inwweTC","tweet_lang":"hi","text_hi":"Naa ghabraana tu jahan main wahan \nTo kya hua gar na dikhayi doon yahan \n\nHar waqt saath saath he hain hum tum\nNa hona maayus ya gumsum \nTumse duur na reh paayenge hum\nHaan haan haan hai yeh kasam\n\nMuch love and still kaala teeka\n\n \n httpstcoDX1inwweTC","hashtags":["SidharthShukIa","ShehnaazGiII","SidNaaz"],"mentions":[],"tweet_urls":[],"tweet_emoticons":[],"tweet_date":"2021-09-22T13:00:00","geolocation":null}
{"poi_name":"","poi_id":"","verified":false,"country":"India","id":"1440643618776096775","replied_to_tweet_id":1.440623733e+18,"replied_to_user_id":20338805.0,"reply_text":"","tweet_text":"@Uroooooooj Google translate ne tilak wale teeke ko vaccine wala teeka samajh ke translate kardia \ud83e\udd2d","tweet_lang":"hi","text_hi":" Google translate ne tilak wale teeke ko vaccine wala teeka samajh ke translate kardia ","hashtags":[],"mentions":["Uroooooooj"],"tweet_urls":[],"tweet_emoticons":["\ud83e\udd2d"],"tweet_date":"2021-09-22T12:00:00","geolocation":null}
{"poi_name":"","poi_id":"","verified":false,"country":"India","id":"1440597400175874053","replied_to_tweet_id":null,"replied_to_user_id":null,"reply_text":"","tweet_text":"KAASH Dr yeh app kay hospital main a jaye, is ko wo ghooray wala teeka lagana wo be seeda is kay toway pay. https:\/\/t.co\/qK4y3ru4Xu","tweet_lang":"hi","text_hi":"KAASH Dr yeh app kay hospital main a jaye is ko wo ghooray wala teeka lagana wo be seeda is kay toway pay ","hashtags":[],"mentions":[],"tweet_urls":["https:\/\/t.co\/qK4y3ru4Xu"],"tweet_emoticons":[],"tweet_date":"2021-09-22T09:00:00","geolocation":null}
{"poi_name":"","poi_id":"","verified":false,"country":"India","id":"1440587360840798214","replied_to_tweet_id":1.440586381e+18,"replied_to_user_id":1.386287052e+18,"reply_text":"","tweet_text":"@dogredishan @dograjournalist @arumitash @ajaydograa @ivinodbazal @KesarSuneel Imran khan gi zbardasti teeka laayi udeyaa. \ud83e\udd23\ud83e\udd23","tweet_lang":"hi","text_hi":"      Imran khan gi zbardasti teeka laayi udeyaa ","hashtags":[],"mentions":["dogredishan","dograjournalist","arumitash","ajaydograa","ivinodbazal","KesarSuneel"],"tweet_urls":[],"tweet_emoticons":["\ud83e\udd23"],"tweet_date":"2021-09-22T08:00:00","geolocation":null}
{"poi_name":"","poi_id":"","verified":false,"country":"India","id":"1440563971153489928","replied_to_tweet_id":null,"replied_to_user_id":null,"reply_text":"","tweet_text":"Nonna Bachcha mera\nKullu....\nGande Bachche....\nBebu.....\n\nMuch love and Still Kaala Teeka For\n#SidharthShukla \n#ShehnaazGill \n#SidNaaz \n#SidNaazLifeLongRahega https:\/\/t.co\/4c5qibC3le","tweet_lang":"hi","text_hi":"Nonna Bachcha mera\nKullu\nGande Bachche\nBebu\n\nMuch love and Still Kaala Teeka For\n \n \n \nLifeLongRahega httpstco4c5qibC3le","hashtags":["SidharthShukla","ShehnaazGill","SidNaaz","SidNaazLifeLongRahega"],"mentions":[],"tweet_urls":[],"tweet_emoticons":[],"tweet_date":"2021-09-22T06:00:00","geolocation":null}
{"poi_name":"","poi_id":"","verified":false,"country":"India","id":"1440551032006713345","replied_to_tweet_id":null,"replied_to_user_id":null,"reply_text":"","tweet_text":"Mahadev ki kripa bani rahey. Dadi key saath teeka lagate to boht acha hota. https:\/\/t.co\/nDIaT9jbyM","tweet_lang":"hi","text_hi":"Mahadev ki kripa bani rahey Dadi key saath teeka lagate to boht acha hota ","hashtags":[],"mentions":[],"tweet_urls":["https:\/\/t.co\/nDIaT9jbyM"],"tweet_emoticons":[],"tweet_date":"2021-09-22T06:00:00","geolocation":null}
{"poi_name":"","poi_id":"","verified":false,"country":"India","id":"1440547821526999045","replied_to_tweet_id":1.440547622e+18,"replied_to_user_id":1.407689143e+18,"reply_text":"","tweet_text":"@SoneriSwapnaa Putting kala teeka priyu\ud83c\udf11\ud83c\udf11\ud83e\uddff\ud83e\uddff\ud83d\ude2d\u2665\ufe0f\u2665\ufe0f","tweet_lang":"hi","text_hi":" Putting kala teeka priyu\u2665\ufe0f\u2665\ufe0f","hashtags":[],"mentions":["SoneriSwapnaa"],"tweet_urls":[],"tweet_emoticons":["\ud83e\uddff","\ud83c\udf11","\ud83d\ude2d","\u2665\ufe0f"],"tweet_date":"2021-09-22T05:00:00","geolocation":null}
{"poi_name":"","poi_id":"","verified":false,"country":"India","id":"1440488077139406854","replied_to_tweet_id":1.440116401e+18,"replied_to_user_id":1.102246694e+18,"reply_text":"","tweet_text":"@bkjoshi002 \u0938\u092c\u0938\u0947 \u092a\u0939\u0932\u0947 \u0915\u094b\u0908 \u092d\u0940 \u092e\u0941\u0938\u094d\u0932\u093f\u092e \u0932\u0921\u093c\u0915\u0940 \u0907\u0938 \u0924\u0930\u0939 \u0915\u0947 \u0935\u093f\u091c\u094d\u091e\u093e\u092a\u0928 \u0915\u0947 \u0932\u093f\u090f \u0930\u093e\u091c\u0940 \u0928\u0939\u0940\u0902 \u0939\u094b\u0917\u0940, \u0917\u0932\u0924\u0940 \u0924\u094b \u092e\u093e\u0902 \u092c\u093e\u092a \u0915\u0940 \u0939\u0948 \u091c\u094b \u090f\u0938\u0947 \u0938\u0902\u0938\u094d\u0915\u093e\u0930 \u0935\u093e\u0932\u0940 \u0914\u0932\u093e\u0926\u0947\u0902 \u092a\u0948\u0926\u093e \u0915\u0930 \u0930\u0939\u0947 \u0939\u0948\u0902 \u0914\u0930 \u0938\u0928\u093e\u0924\u0928 \u0938\u0902\u0938\u094d\u0915\u0943\u0924\u093f \u0915\u093e \u0905\u092a\u092e\u093e\u0928 \u0915\u0930 \u0930\u0939\u0947 \u0939\u0948\u0902\u0964","tweet_lang":"hi","text_hi":" \u0938\u092c\u0938\u0947 \u092a\u0939\u0932\u0947 \u0915\u094b\u0908 \u092d\u0940 \u092e\u0941\u0938\u094d\u0932\u093f\u092e \u0932\u0921\u093c\u0915\u0940 \u0907\u0938 \u0924\u0930\u0939 \u0915\u0947 \u0935\u093f\u091c\u094d\u091e\u093e\u092a\u0928 \u0915\u0947 \u0932\u093f\u090f \u0930\u093e\u091c\u0940 \u0928\u0939\u0940\u0902 \u0939\u094b\u0917\u0940 \u0917\u0932\u0924\u0940 \u0924\u094b \u092e\u093e\u0902 \u092c\u093e\u092a \u0915\u0940 \u0939\u0948 \u091c\u094b \u090f\u0938\u0947 \u0938\u0902\u0938\u094d\u0915\u093e\u0930 \u0935\u093e\u0932\u0940 \u0914\u0932\u093e\u0926\u0947\u0902 \u092a\u0948\u0926\u093e \u0915\u0930 \u0930\u0939\u0947 \u0939\u0948\u0902 \u0914\u0930 \u0938\u0928\u093e\u0924\u0928 \u0938\u0902\u0938\u094d\u0915\u0943\u0924\u093f \u0915\u093e \u0905\u092a\u092e\u093e\u0928 \u0915\u0930 \u0930\u0939\u0947 \u0939\u0948\u0902\u0964","hashtags":[],"mentions":["bkjoshi002"],"tweet_urls":[],"tweet_emoticons":[],"tweet_date":"2021-09-22T01:00:00","geolocation":null}
{"poi_name":"","poi_id":"","verified":false,"country":"India","id":"1440427086783528963","replied_to_tweet_id":1.440420317e+18,"replied_to_user_id":2876896520.0,"reply_text":"","tweet_text":"@digi8l Nazar lag gai tw kala teeka lagaya kro yaar","tweet_lang":"hi","text_hi":" Nazar lag gai tw kala teeka lagaya kro yaar","hashtags":[],"mentions":["digi8l"],"tweet_urls":[],"tweet_emoticons":[],"tweet_date":"2021-09-21T21:00:00","geolocation":null}
{"poi_name":"","poi_id":"","verified":false,"country":"India","id":"1440417262448504833","replied_to_tweet_id":1.440390614e+18,"replied_to_user_id":528436211.0,"reply_text":"","tweet_text":"@makorro Inko teeka nahi laga\ud83d\ude06\ud83d\ude06","tweet_lang":"hi","text_hi":" Inko teeka nahi laga","hashtags":[],"mentions":["makorro"],"tweet_urls":[],"tweet_emoticons":["\ud83d\ude06"],"tweet_date":"2021-09-21T21:00:00","geolocation":null}
{"poi_name":"","poi_id":"","verified":false,"country":"India","id":"1440375752617193473","replied_to_tweet_id":null,"replied_to_user_id":null,"reply_text":"","tweet_text":"Yay waqt naizi par anay wala hay \nJab isko teeka lagay ga iski corruption par https:\/\/t.co\/eKUBb7LVRC","tweet_lang":"hi","text_hi":"Yay waqt naizi par anay wala hay \nJab isko teeka lagay ga iski corruption par httpstcoeKUBb7LVRC","hashtags":[],"mentions":[],"tweet_urls":[],"tweet_emoticons":[],"tweet_date":"2021-09-21T18:00:00","geolocation":null}
{"poi_name":"","poi_id":"","verified":false,"country":"India","id":"1440360867606908928","replied_to_tweet_id":1.440360437e+18,"replied_to_user_id":9.228424745e+17,"reply_text":"","tweet_text":"@SuryaEdwardSta1 @ItsMaahiRajput Aur mujhe bhi nazar ka teeka laga de...\u270a","tweet_lang":"hi","text_hi":"  Aur mujhe bhi nazar ka teeka laga de","hashtags":[],"mentions":["SuryaEdwardSta1","ItsMaahiRajput"],"tweet_urls":[],"tweet_emoticons":["\u270a"],"tweet_date":"2021-09-21T17:00:00","geolocation":null}
{"poi_name":"","poi_id":"","verified":false,"country":"India","id":"1440335391152754690","replied_to_tweet_id":null,"replied_to_user_id":null,"reply_text":"","tweet_text":"Mujh smol ko itni zor se teeka lagaya","tweet_lang":"hi","text_hi":"Mujh smol ko itni zor se teeka lagaya","hashtags":[],"mentions":[],"tweet_urls":[],"tweet_emoticons":[],"tweet_date":"2021-09-21T15:00:00","geolocation":null}
{"poi_name":"","poi_id":"","verified":false,"country":"India","id":"1440297787963281411","replied_to_tweet_id":1.440239184e+18,"replied_to_user_id":51310666.0,"reply_text":"","tweet_text":"@ExSecular Rahul Gandhi aajkal teeka laga kar ghum rahe hain \nKya baat hai\u2639\ufe0f","tweet_lang":"hi","text_hi":" Rahul Gandhi aajkal teeka laga kar ghum rahe hain \nKya baat hai\u2639\ufe0f","hashtags":[],"mentions":["ExSecular"],"tweet_urls":[],"tweet_emoticons":["\u2639\ufe0f"],"tweet_date":"2021-09-21T13:00:00","geolocation":null}
{"poi_name":"","poi_id":"","verified":false,"country":"India","id":"1440296698165673991","replied_to_tweet_id":null,"replied_to_user_id":null,"reply_text":"","tweet_text":"Maathe pe kore kaala\ud83d\udda4\u26ab\nTeeka banaale mujhko \ud83d\ude43\ud83d\udc99\nTujhko bnaau sewa chaalu \u26a0\ufe0f\nHai dhoop ye jamaana\ud83c\udf0f\nOs ki boond hai tu \ud83c\udf28\ufe0f\nPalko ki chao me chupaalu \ud83c\udf28\ufe0f\ud83d\ude34","tweet_lang":"hi","text_hi":"Maathe pe kore kaala\nTeeka banaale mujhko \nTujhko bnaau sewa chaalu \u26a0\ufe0f\nHai dhoop ye jamaana\nOs ki boond hai tu \ud83c\udf28\ufe0f\nPalko ki chao me chupaalu \ud83c\udf28\ufe0f","hashtags":[],"mentions":[],"tweet_urls":[],"tweet_emoticons":["\u26a0\ufe0f","\u26ab","\ud83d\ude34","\ud83c\udf28\ufe0f","\ud83d\udc99","\ud83c\udf0f","\ud83d\udda4","\ud83d\ude43"],"tweet_date":"2021-09-21T13:00:00","geolocation":null}
{"poi_name":"","poi_id":"","verified":false,"country":"India","id":"1440275120669409281","replied_to_tweet_id":1.440270888e+18,"replied_to_user_id":1.107481299e+18,"reply_text":"","tweet_text":"@VedPrakji Sabji bheech rha ya teeka \ud83d\ude02\ud83e\udd2a\ud83d\ude02\ud83e\udd23","tweet_lang":"hi","text_hi":" Sabji bheech rha ya teeka ","hashtags":[],"mentions":["VedPrakji"],"tweet_urls":[],"tweet_emoticons":["\ud83e\udd23","\ud83e\udd2a","\ud83d\ude02"],"tweet_date":"2021-09-21T11:00:00","geolocation":null}
{"poi_name":"","poi_id":"","verified":false,"country":"India","id":"1440242059860799491","replied_to_tweet_id":1.440241774e+18,"replied_to_user_id":1.330897237e+18,"reply_text":"","tweet_text":"@_shehryarr Sinovac, also paani wala teeka is better, marne ke chances zada hotay hain","tweet_lang":"hi","text_hi":" Sinovac also paani wala teeka is better marne ke chances zada hotay hain","hashtags":[],"mentions":["_shehryarr"],"tweet_urls":[],"tweet_emoticons":[],"tweet_date":"2021-09-21T09:00:00","geolocation":null}
{"poi_name":"","poi_id":"","verified":false,"country":"India","id":"1440224506908332042","replied_to_tweet_id":1.439971028e+18,"replied_to_user_id":1.416240043e+18,"reply_text":"","tweet_text":"@Kangana500 \u0905\u092c \u0915\u0941\u091b \u0932\u094b\u0917\u094b\u0902 \u0915\u0947 \u092a\u093e\u0938 \u0907\u0938\u0915\u0947 \u0905\u0924\u093f\u0930\u093f\u0915\u094d\u0924 \u0939\u0948 \u092d\u0940 \u0928\u0939\u0940\u0902, \u0907\u0938\u0932\u093f\u090f \u0915\u092e\u093e\u0908 \u0915\u0947 \u0932\u093f\u090f \u092a\u0930\u094b\u0938\u0928\u093e \u0939\u0940 \u092a\u0921\u093c\u0947\u0917\u093e\u0964","tweet_lang":"hi","text_hi":" \u0905\u092c \u0915\u0941\u091b \u0932\u094b\u0917\u094b\u0902 \u0915\u0947 \u092a\u093e\u0938 \u0907\u0938\u0915\u0947 \u0905\u0924\u093f\u0930\u093f\u0915\u094d\u0924 \u0939\u0948 \u092d\u0940 \u0928\u0939\u0940\u0902 \u0907\u0938\u0932\u093f\u090f \u0915\u092e\u093e\u0908 \u0915\u0947 \u0932\u093f\u090f \u092a\u0930\u094b\u0938\u0928\u093e \u0939\u0940 \u092a\u0921\u093c\u0947\u0917\u093e\u0964","hashtags":[],"mentions":["Kangana500"],"tweet_urls":[],"tweet_emoticons":[],"tweet_date":"2021-09-21T08:00:00","geolocation":null}
{"poi_name":"","poi_id":"","verified":false,"country":"India","id":"1440223931718254602","replied_to_tweet_id":1.439991482e+18,"replied_to_user_id":1.426477762e+18,"reply_text":"","tweet_text":"@IajitdovaL_IND \u092e\u094b\u0926\u0940 \u091c\u0940 \u0915\u0947 \u0939\u0930 \u0915\u093e\u092e \u0915\u0940 \u0924\u093e\u0930\u0940\u092b \u0939\u0948, \u0914\u0930 \u092f\u0939 100%\u0938\u091a \u0939\u0948 \u0915\u093f \u0938\u092d\u0940 \u0916\u0941\u0936 \u0939\u0948\u0902 \u0915\u0947\u0935\u0932 \u0926\u0947\u0936 \u0935\u093f\u0930\u094b\u0927\u0940 \u090f\u0935\u0902 \u092d\u094d\u0930\u0937\u094d\u091f\u093e\u091a\u093e\u0930 \u0915\u0940 \u0915\u092e\u093e\u0908 \u0938\u0947 \u092a\u0947\u091f \u092a\u093e\u0932\u0928\u0947 \u0917\u0926\u094d\u0926\u093e\u0930\u094b\u0902 \u0915\u094b \u091b\u094b\u0921\u093c\u0915\u0930\u0964\u092e\u0917\u0930 \u092f\u0947 \u092d\u0940 \u0938\u091a \u0939\u0948 \u0915\u093f \u092e\u094b\u0926\u0940 \u091c\u0940 \u0915\u0947 \u0928\u093e\u092e \u092a\u0930 \u0932\u0932\u094d\u0932\u0942 \u092a\u0902\u091c\u0942 \u092d\u0940 \u0935\u093f\u0927\u093e\u092f\u0915 \u092c\u0928 \u0917\u092f\u0947 \u0939\u0948\u0902 \u0914\u0930 \u0905\u092a\u0928\u0940 \u092e\u0930\u094d\u091c\u093c\u0940 \u0915\u093e \u0915\u093e\u092e \u0915\u0930 \u0930\u0939\u0947 \u0939\u0948\u0902, \u0907\u0938\u0932\u093f\u090f 2022\u0915\u093e \u091a\u0941\u0928\u093e\u0935 \u0906\u0938\u093e\u0928 \u0928\u0939\u0940\u0902 \u0939\u0948\u0964 \u0935\u093f\u0927\u093e\u0928\u0938\u092d\u093e","tweet_lang":"hi","text_hi":" \u092e\u094b\u0926\u0940 \u091c\u0940 \u0915\u0947 \u0939\u0930 \u0915\u093e\u092e \u0915\u0940 \u0924\u093e\u0930\u0940\u092b \u0939\u0948 \u0914\u0930 \u092f\u0939 100\u0938\u091a \u0939\u0948 \u0915\u093f \u0938\u092d\u0940 \u0916\u0941\u0936 \u0939\u0948\u0902 \u0915\u0947\u0935\u0932 \u0926\u0947\u0936 \u0935\u093f\u0930\u094b\u0927\u0940 \u090f\u0935\u0902 \u092d\u094d\u0930\u0937\u094d\u091f\u093e\u091a\u093e\u0930 \u0915\u0940 \u0915\u092e\u093e\u0908 \u0938\u0947 \u092a\u0947\u091f \u092a\u093e\u0932\u0928\u0947 \u0917\u0926\u094d\u0926\u093e\u0930\u094b\u0902 \u0915\u094b \u091b\u094b\u0921\u093c\u0915\u0930\u0964\u092e\u0917\u0930 \u092f\u0947 \u092d\u0940 \u0938\u091a \u0939\u0948 \u0915\u093f \u092e\u094b\u0926\u0940 \u091c\u0940 \u0915\u0947 \u0928\u093e\u092e \u092a\u0930 \u0932\u0932\u094d\u0932\u0942 \u092a\u0902\u091c\u0942 \u092d\u0940 \u0935\u093f\u0927\u093e\u092f\u0915 \u092c\u0928 \u0917\u092f\u0947 \u0939\u0948\u0902 \u0914\u0930 \u0905\u092a\u0928\u0940 \u092e\u0930\u094d\u091c\u093c\u0940 \u0915\u093e \u0915\u093e\u092e \u0915\u0930 \u0930\u0939\u0947 \u0939\u0948\u0902 \u0907\u0938\u0932\u093f\u090f 2022\u0915\u093e \u091a\u0941\u0928\u093e\u0935 \u0906\u0938\u093e\u0928 \u0928\u0939\u0940\u0902 \u0939\u0948\u0964 \u0935\u093f\u0927\u093e\u0928\u0938\u092d\u093e","hashtags":[],"mentions":["IajitdovaL_IND"],"tweet_urls":[],"tweet_emoticons":[],"tweet_date":"2021-09-21T08:00:00","geolocation":null}
{"poi_name":"","poi_id":"","verified":false,"country":"India","id":"1440171965877157890","replied_to_tweet_id":null,"replied_to_user_id":null,"reply_text":"","tweet_text":"\u092e\u0947\u0932\u091a\u094b\u0930\u0940 \u092e\u0947\u0902 \u092f\u0941\u0935\u093e \u0938\u0902\u0917\u0920\u0928 \u0914\u0930 \u092a\u094d\u0930\u0927\u093e\u0928 \u0938\u0902\u0917\u0920\u0928 \u0926\u094d\u0935\u093e\u0930\u093e \u0906\u092f\u094b\u091c\u093f\u0924 \u0915\u093e\u0930\u094d\u092f\u0915\u094d\u0930\u092e \u092e\u0947\u0902 \u092e\u0941\u091d\u0947 \u092e\u0941\u0916\u094d\u092f \u0905\u0924\u093f\u0925\u093f \u0915\u0947 \u0930\u0942\u092a \u092e\u0948 \u0906\u092e\u0902\u0924\u094d\u0930\u093f\u0924 \u0915\u0930\u0928\u0947 \u0935 \u0938\u092e\u094d\u092e\u093e\u0928, \u0938\u092e\u0930\u094d\u0925\u0928 \u0938\u094d\u0928\u0947\u0939 \u0935 \u092a\u094d\u092f\u093e\u0930 \u0926\u093f\u092f\u093e \u0907\u0938\u0915\u0947 \u0932\u093f\u090f \u092a\u094d\u0930\u0927\u093e\u0928 \u0938\u0902\u0917\u0920\u0928 \u0914\u0930 \u092e\u0947\u0939\u0932\u091a\u094c\u0930\u0940 \u092f\u0941\u0935\u093e \u0935\u094d\u092f\u093e\u092a\u093e\u0930 \u0938\u0902\u0917\u0920\u0928 \u0915\u093e \u0939\u093e\u0930\u094d\u0926\u093f\u0915 \u0906\u092d\u093e\u0930 \u0914\u0930 \u0927\u0928\u094d\u092f\u0935\u093e\u0926 \u0964 \n@ajaeybjp @AmitShah https:\/\/t.co\/q3ZtZvVzdG","tweet_lang":"hi","text_hi":"\u092e\u0947\u0932\u091a\u094b\u0930\u0940 \u092e\u0947\u0902 \u092f\u0941\u0935\u093e \u0938\u0902\u0917\u0920\u0928 \u0914\u0930 \u092a\u094d\u0930\u0927\u093e\u0928 \u0938\u0902\u0917\u0920\u0928 \u0926\u094d\u0935\u093e\u0930\u093e \u0906\u092f\u094b\u091c\u093f\u0924 \u0915\u093e\u0930\u094d\u092f\u0915\u094d\u0930\u092e \u092e\u0947\u0902 \u092e\u0941\u091d\u0947 \u092e\u0941\u0916\u094d\u092f \u0905\u0924\u093f\u0925\u093f \u0915\u0947 \u0930\u0942\u092a \u092e\u0948 \u0906\u092e\u0902\u0924\u094d\u0930\u093f\u0924 \u0915\u0930\u0928\u0947 \u0935 \u0938\u092e\u094d\u092e\u093e\u0928 \u0938\u092e\u0930\u094d\u0925\u0928 \u0938\u094d\u0928\u0947\u0939 \u0935 \u092a\u094d\u092f\u093e\u0930 \u0926\u093f\u092f\u093e \u0907\u0938\u0915\u0947 \u0932\u093f\u090f \u092a\u094d\u0930\u0927\u093e\u0928 \u0938\u0902\u0917\u0920\u0928 \u0914\u0930 \u092e\u0947\u0939\u0932\u091a\u094c\u0930\u0940 \u092f\u0941\u0935\u093e \u0935\u094d\u092f\u093e\u092a\u093e\u0930 \u0938\u0902\u0917\u0920\u0928 \u0915\u093e \u0939\u093e\u0930\u094d\u0926\u093f\u0915 \u0906\u092d\u093e\u0930 \u0914\u0930 \u0927\u0928\u094d\u092f\u0935\u093e\u0926 \u0964 \n  httpstcoq3ZtZvVzdG","hashtags":[],"mentions":["ajaeybjp","AmitShah"],"tweet_urls":[],"tweet_emoticons":[],"tweet_date":"2021-09-21T05:00:00","geolocation":null}
{"poi_name":"","poi_id":"","verified":false,"country":"India","id":"1440130245500178436","replied_to_tweet_id":1.440127711e+18,"replied_to_user_id":335141638.0,"reply_text":"","tweet_text":"@BTS_twt AAJ KA DIN ACHHA JAAYEGA *kaala teeka*","tweet_lang":"hi","text_hi":" AAJ KA DIN ACHHA JAAYEGA kaala teeka","hashtags":[],"mentions":["BTS_twt"],"tweet_urls":[],"tweet_emoticons":[],"tweet_date":"2021-09-21T02:00:00","geolocation":null}
{"poi_name":"","poi_id":"","verified":false,"country":"India","id":"1440121718526279688","replied_to_tweet_id":1.440006856e+18,"replied_to_user_id":4139691921.0,"reply_text":"","tweet_text":"@KhalidFaridi199 @ashokku67742780 @MajorPoonia Osama bin Laden Teeka lagakar trishul lekar ghoomta ka be burbak","tweet_lang":"hi","text_hi":"   Osama bin Laden Teeka lagakar trishul lekar ghoomta ka be burbak","hashtags":[],"mentions":["KhalidFaridi199","ashokku67742780","MajorPoonia"],"tweet_urls":[],"tweet_emoticons":[],"tweet_date":"2021-09-21T01:00:00","geolocation":null}
{"poi_name":"","poi_id":"","verified":false,"country":"India","id":"1440006856487886848","replied_to_tweet_id":1.43997441e+18,"replied_to_user_id":2836536732.0,"reply_text":"","tweet_text":"@realManojGarg @ashokku67742780 @MajorPoonia Bilkul sahi kaha\n\nNarangi\nTeeka\nTrishul\nChoti","tweet_lang":"hi","text_hi":"   Bilkul sahi kaha\n\nNarangi\nTeeka\nTrishul\nChoti","hashtags":[],"mentions":["realManojGarg","ashokku67742780","MajorPoonia"],"tweet_urls":[],"tweet_emoticons":[],"tweet_date":"2021-09-20T18:00:00","geolocation":null}
{"poi_name":"","poi_id":"","verified":false,"country":"India","id":"1440003896680747011","replied_to_tweet_id":null,"replied_to_user_id":null,"reply_text":"","tweet_text":"Chaand mera dil... Chaandni ho tum. \nChaand se hai duur.. Chaandni kahan? \nLaut ke aana.. Hai yahin tumko..\nJa rahe ho duur.. Jaao meri jaan..\n\nTu mera chaand main teri chaandni.. \n\nMuch love to the much in love And still kaala Teeka for\n#SidharthShukla \n#ShehnaazGiII \n#SidNaaz https:\/\/t.co\/ctIgQnjQYk","tweet_lang":"hi","text_hi":"Chaand mera dil Chaandni ho tum \nChaand se hai duur Chaandni kahan \nLaut ke aana Hai yahin tumko\nJa rahe ho duur Jaao meri jaan\n\nTu mera chaand main teri chaandni \n\nMuch love to the much in love And still kaala Teeka for\n \n \n httpstcoctIgQnjQYk","hashtags":["SidharthShukla","ShehnaazGiII","SidNaaz"],"mentions":[],"tweet_urls":[],"tweet_emoticons":[],"tweet_date":"2021-09-20T17:00:00","geolocation":null}
{"poi_name":"","poi_id":"","verified":false,"country":"India","id":"1440001694755131396","replied_to_tweet_id":1.439991862e+18,"replied_to_user_id":636276877.0,"reply_text":"","tweet_text":"@HasibaAmin Free teeka for soniya ji\n\n\u0915\u094d\u092f\u093e \u0939\u0948 \u0928\u093e \u0905\u092d\u0940 \u0924\u0915 \u0909\u0928\u0915\u0940 \u092b\u094b\u091f\u094b \u0928\u0939\u0940 \u0906\u092f\u0940 \u091f\u0940\u0915\u093e \u0932\u0917\u0935\u093e\u0924\u0947 \u0939\u0941\u090f","tweet_lang":"hi","text_hi":" Free teeka for soniya ji\n\n\u0915\u094d\u092f\u093e \u0939\u0948 \u0928\u093e \u0905\u092d\u0940 \u0924\u0915 \u0909\u0928\u0915\u0940 \u092b\u094b\u091f\u094b \u0928\u0939\u0940 \u0906\u092f\u0940 \u091f\u0940\u0915\u093e \u0932\u0917\u0935\u093e\u0924\u0947 \u0939\u0941\u090f","hashtags":[],"mentions":["HasibaAmin"],"tweet_urls":[],"tweet_emoticons":[],"tweet_date":"2021-09-20T17:00:00","geolocation":null}
{"poi_name":"","poi_id":"","verified":false,"country":"India","id":"1439981848914903042","replied_to_tweet_id":null,"replied_to_user_id":null,"reply_text":"","tweet_text":"Chhoti chhoti baatein.. \nBana gayi badi badi yaadein.. \n\nSidharth tere phool ugg aaya.. \nHai uski Sana uski humsaaya...\n\nMuch love to the much in love and kaala Teeka for\n#SidharthShukla \n#ShehnaazGiII \n#SidNaaz https:\/\/t.co\/53JRPEj8Ee","tweet_lang":"hi","text_hi":"Chhoti chhoti baatein \nBana gayi badi badi yaadein \n\nSidharth tere phool ugg aaya \nHai uski Sana uski humsaaya\n\nMuch love to the much in love and kaala Teeka for\n \n \n httpstco53JRPEj8Ee","hashtags":["SidharthShukla","ShehnaazGiII","SidNaaz"],"mentions":[],"tweet_urls":[],"tweet_emoticons":[],"tweet_date":"2021-09-20T16:00:00","geolocation":null}
{"poi_name":"","poi_id":"","verified":false,"country":"India","id":"1439971890395631620","replied_to_tweet_id":1.439965501e+18,"replied_to_user_id":1.208469883e+18,"reply_text":"","tweet_text":"@abirchiklu @Sainiyapaa Nazar ka kaala teeka bhi kaam nhi aayega ab","tweet_lang":"hi","text_hi":"  Nazar ka kaala teeka bhi kaam nhi aayega ab","hashtags":[],"mentions":["abirchiklu","Sainiyapaa"],"tweet_urls":[],"tweet_emoticons":[],"tweet_date":"2021-09-20T15:00:00","geolocation":null}
{"poi_name":"","poi_id":"","verified":false,"country":"India","id":"1439970034114187267","replied_to_tweet_id":1.439969461e+18,"replied_to_user_id":1.167295629e+18,"reply_text":"","tweet_text":"@stay_8always *puts kala teeka on Channie bhaiya*","tweet_lang":"hi","text_hi":" puts kala teeka on Channie bhaiya","hashtags":[],"mentions":["stay_8always"],"tweet_urls":[],"tweet_emoticons":[],"tweet_date":"2021-09-20T15:00:00","geolocation":null}
{"poi_name":"","poi_id":"","verified":false,"country":"India","id":"1439957819365543939","replied_to_tweet_id":1.439933982e+18,"replied_to_user_id":1.380096808e+18,"reply_text":"","tweet_text":"@chefanaitaasays Putting kala teeka on my LOVES abhi ke abhi \u26ab\ufe0f\u26ab\ufe0f\u26ab\ufe0f\u26ab\ufe0f\u26ab\ufe0f\u26ab\ufe0f\u2764\ufe0f\u2764\ufe0f\u2764\ufe0f\u2764\ufe0f\u2764\ufe0f\u2764\ufe0f","tweet_lang":"hi","text_hi":" Putting kala teeka on my LOVES abhi ke abhi \ufe0f\ufe0f\ufe0f\ufe0f\ufe0f\ufe0f\u2764\ufe0f\u2764\ufe0f\u2764\ufe0f\u2764\ufe0f\u2764\ufe0f\u2764\ufe0f","hashtags":[],"mentions":["chefanaitaasays"],"tweet_urls":[],"tweet_emoticons":["\u2764\ufe0f","\u26ab"],"tweet_date":"2021-09-20T14:00:00","geolocation":null}
{"poi_name":"","poi_id":"","verified":false,"country":"India","id":"1439954018596495361","replied_to_tweet_id":1.439953841e+18,"replied_to_user_id":1.296175509e+18,"reply_text":"","tweet_text":"@njsvoicenote @chussism Mujhay marna qubool hai teeka nahi lagwarahi mei","tweet_lang":"hi","text_hi":"  Mujhay marna qubool hai teeka nahi lagwarahi mei","hashtags":[],"mentions":["njsvoicenote","chussism"],"tweet_urls":[],"tweet_emoticons":[],"tweet_date":"2021-09-20T14:00:00","geolocation":null}
{"poi_name":"","poi_id":"","verified":false,"country":"India","id":"1439935805863104519","replied_to_tweet_id":1.439935514e+18,"replied_to_user_id":1.431717484e+18,"reply_text":"","tweet_text":"@HeerSyaal @GogoKhilji @shaherawan1 @MalikShahzadJo4 Man keyon karan meenu karna e nae aandha \nHan man teeka la lendhan dawae likh dena \ud83d\ude1c\ud83d\ude1c\ud83d\ude1c\ud83d\ude1c","tweet_lang":"hi","text_hi":"    Man keyon karan meenu karna e nae aandha \nHan man teeka la lendhan dawae likh dena ","hashtags":[],"mentions":["HeerSyaal","GogoKhilji","shaherawan1","MalikShahzadJo4"],"tweet_urls":[],"tweet_emoticons":["\ud83d\ude1c"],"tweet_date":"2021-09-20T13:00:00","geolocation":null}
{"poi_name":"","poi_id":"","verified":false,"country":"India","id":"1439904971403583495","replied_to_tweet_id":1.439846578e+18,"replied_to_user_id":1368737382.0,"reply_text":"","tweet_text":"@sambitswaraj Nahi saal mei 4 baar polio ka teeka saheb ke aane se pehle bhi lagta tha dear so thank you Modi g Bol du uss kaam ke liye","tweet_lang":"hi","text_hi":" Nahi saal mei 4 baar polio ka teeka saheb ke aane se pehle bhi lagta tha dear so thank you Modi g Bol du uss kaam ke liye","hashtags":[],"mentions":["sambitswaraj"],"tweet_urls":[],"tweet_emoticons":[],"tweet_date":"2021-09-20T11:00:00","geolocation":null}
{"poi_name":"","poi_id":"","verified":false,"country":"India","id":"1439876606294691841","replied_to_tweet_id":1.439834004e+18,"replied_to_user_id":523144954.0,"reply_text":"","tweet_text":"@junaidmuhammadd @shazbkhanzdaGEO Bhai ke teeka Laga hai?","tweet_lang":"hi","text_hi":"  Bhai ke teeka Laga hai","hashtags":[],"mentions":["junaidmuhammadd","shazbkhanzdaGEO"],"tweet_urls":[],"tweet_emoticons":[],"tweet_date":"2021-09-20T09:00:00","geolocation":null}
{"poi_name":"","poi_id":"","verified":false,"country":"India","id":"1439834655830671363","replied_to_tweet_id":1.439833817e+18,"replied_to_user_id":9.192574087e+17,"reply_text":"","tweet_text":"@Nandugurav11111 thik hai \ud83d\udc4d\nchal ab vada paav bana. Teeka meetha ( medium).  3 parcel aur 1 idhar khaayega mai paandu.. chal jaldi kar.","tweet_lang":"hi","text_hi":" thik hai \nchal ab vada paav bana Teeka meetha  medium  3 parcel aur 1 idhar khaayega mai paandu chal jaldi kar","hashtags":[],"mentions":["Nandugurav11111"],"tweet_urls":[],"tweet_emoticons":["\ud83d\udc4d"],"tweet_date":"2021-09-20T06:00:00","geolocation":null}
{"poi_name":"","poi_id":"","verified":false,"country":"India","id":"1439802196355280896","replied_to_tweet_id":1.439474034e+18,"replied_to_user_id":1.186609273e+18,"reply_text":"","tweet_text":"@JyotiReal_1 Sirf ek teeka lga lene se koi sachha Hindu nhi bn jata, uske liye man me doosron ke liye karuna or ijjat dono hone chahiye @ma'am","tweet_lang":"hi","text_hi":" Sirf ek teeka lga lene se koi sachha Hindu nhi bn jata uske liye n me doosron ke liye karuna or ijjat dono hone chahiye am","hashtags":[],"mentions":["JyotiReal_1","ma"],"tweet_urls":[],"tweet_emoticons":[],"tweet_date":"2021-09-20T04:00:00","geolocation":null}
{"poi_name":"","poi_id":"","verified":false,"country":"India","id":"1439736677300322307","replied_to_tweet_id":1.439546467e+18,"replied_to_user_id":2955928831.0,"reply_text":"","tweet_text":"@drmonika_langeh Didi ek teeka mehbooba nu bhi lai chhdiyo..","tweet_lang":"hi","text_hi":" Didi ek teeka mehbooba nu bhi lai chhdiyo","hashtags":[],"mentions":["drmonika_langeh"],"tweet_urls":[],"tweet_emoticons":[],"tweet_date":"2021-09-20T00:00:00","geolocation":null}
{"poi_name":"","poi_id":"","verified":false,"country":"India","id":"1439683472860221441","replied_to_tweet_id":1.439640791e+18,"replied_to_user_id":1.42685568e+18,"reply_text":"","tweet_text":"@sinister_slays Kaala teeka kyun kaal til nahin hai jahan laundon ke aksar hota hai?? \ud83d\ude02\ud83d\ude02","tweet_lang":"hi","text_hi":" Kaala teeka kyun kaal til nahin hai jahan laundon ke aksar hota hai ","hashtags":[],"mentions":["sinister_slays"],"tweet_urls":[],"tweet_emoticons":["\ud83d\ude02"],"tweet_date":"2021-09-19T20:00:00","geolocation":null}
{"poi_name":"","poi_id":"","verified":false,"country":"India","id":"1439674877145862149","replied_to_tweet_id":1.439645799e+18,"replied_to_user_id":2606456700.0,"reply_text":"","tweet_text":"@AAhmad105 @maryashakil @anantvijay @shalabhmani Kitne tejasvi log hain !\nKhud hi award banao, aapas me baant lo.\nKaala teeka, nazar naa lag jaye. \ud83e\udd23\ud83e\udd23","tweet_lang":"hi","text_hi":"    Kitne tejasvi log hain \nKhud hi award banao aapas me baant lo\nKaala teeka nazar naa lag jaye ","hashtags":[],"mentions":["AAhmad105","maryashakil","anantvijay","shalabhmani"],"tweet_urls":[],"tweet_emoticons":["\ud83e\udd23"],"tweet_date":"2021-09-19T20:00:00","geolocation":null}
{"poi_name":"","poi_id":"","verified":false,"country":"India","id":"1439650837035356163","replied_to_tweet_id":null,"replied_to_user_id":null,"reply_text":"","tweet_text":"CSK\nMere baccho \nMere Jiger Ke Tukdo \ud83d\ude2d\ud83d\ude2d\ud83d\ude2d\ud83d\ude2d\ud83d\ude2d\ud83d\ude2d\ud83d\ude2d\ud83d\ude2d\ud83d\ude2d\ud83d\ude2d\ud83d\ude2d\ud83d\ude2d\nHayeee Thu thu thu Kisi ki Nazar na Lage \nTons worth of kala teeka nimbu mirchi","tweet_lang":"hi","text_hi":"CSK\nMere baccho \nMere Jiger Ke Tukdo \nHayeee Thu thu thu Kisi ki Nazar na Lage \nTons worth of kala teeka nimbu mirchi","hashtags":[],"mentions":[],"tweet_urls":[],"tweet_emoticons":["\ud83d\ude2d"],"tweet_date":"2021-09-19T18:00:00","geolocation":null}
{"poi_name":"","poi_id":"","verified":false,"country":"India","id":"1439640790918107136","replied_to_tweet_id":1.439424214e+18,"replied_to_user_id":1.178808226e+18,"reply_text":"","tweet_text":"@AshutoshBose Haha thanks Bhai! Kaala teeka laga liya tha maine \ud83d\ude02\ud83d\ude02","tweet_lang":"hi","text_hi":" Haha thanks Bhai Kaala teeka laga liya tha maine ","hashtags":[],"mentions":["AshutoshBose"],"tweet_urls":[],"tweet_emoticons":["\ud83d\ude02"],"tweet_date":"2021-09-19T17:00:00","geolocation":null}
{"poi_name":"","poi_id":"","verified":false,"country":"India","id":"1439638787856822275","replied_to_tweet_id":null,"replied_to_user_id":null,"reply_text":"","tweet_text":"Mohabbat ho gayi thi dono ko ek arsa ho gaya... \nMera yeh ishq tha do tarfa ek tarfa ho gaya... \n\n\u2764\ud83e\uddff\u2764\ud83e\uddff\u2764\ud83e\uddff\u2764\ud83e\uddff\u2764\ud83e\uddff\u2764\ud83e\uddff\u2764\ud83e\uddff\nMuch love to the much in love and still kaala teeka for\n#SidharthShukla @sidharth_shukla \n#ShehnaazGill @ishehnaaz_gill \n#SidNaaz https:\/\/t.co\/5Dd79WFJSy","tweet_lang":"hi","text_hi":"Mohabbat ho gayi thi dono ko ek arsa ho gaya \nMera yeh ishq tha do tarfa ek tarfa ho gaya \n\n\nMuch love to the much in love and still kaala teeka for\n  \n  \n httpstco5Dd79WFJSy","hashtags":["SidharthShukla","ShehnaazGill","SidNaaz"],"mentions":["sidharth_shukla","ishehnaaz_gill"],"tweet_urls":[],"tweet_emoticons":["\u2764","\ud83e\uddff"],"tweet_date":"2021-09-19T17:00:00","geolocation":null}
{"poi_name":"","poi_id":"","verified":false,"country":"India","id":"1439620837695361024","replied_to_tweet_id":1.439154052e+18,"replied_to_user_id":9.561359598e+17,"reply_text":"","tweet_text":"@VijayKChy @NitishKumar Roji aur Roti ke prabandhan par dhyan de sir, chahe jitna Teeka lagwa de parantu yuva ko kala Tika na lagaye.","tweet_lang":"hi","text_hi":"  Roji aur Roti ke prabandhan par dhyan de sir chahe jitna Teeka lagwa de parantu yuva ko kala Tika na lagaye","hashtags":[],"mentions":["VijayKChy","NitishKumar"],"tweet_urls":[],"tweet_emoticons":[],"tweet_date":"2021-09-19T16:00:00","geolocation":null}
{"poi_name":"","poi_id":"","verified":false,"country":"India","id":"1439612454766579715","replied_to_tweet_id":1.438950146e+18,"replied_to_user_id":7.977081976e+17,"reply_text":"","tweet_text":"@TayyabK59851284 @HumaimaMalik162 @ImranKhanPTI @SHABAZGIL @No1Mariya @GorgeousAsim @tumtvofficial @PTIofficial @appcsocialmedia @PTIKPOfficial @PTIHazara @MushtaqGhaniPTI @MominaBasit1 @inamshahofficia @IrumWarraich4 @AbdulqadirFnGrl @NayabShafqat_ asal khaan kyun chuppa k rakha huwa hay?\n\ud83e\udd23\ud83e\udd23\n\nye jo dikhatay ho\nye to teeka khaan hay https:\/\/t.co\/efetFlvGrx","tweet_lang":"hi","text_hi":"                 asal khaan kyun chuppa k rakha huwa hay\n\n\nye jo dikhatay ho\nye to teeka khaan hay httpstcoefetFlvGrx","hashtags":[],"mentions":["TayyabK59851284","HumaimaMalik162","ImranKhanPTI","SHABAZGIL","No1Mariya","GorgeousAsim","tumtvofficial","PTIofficial","appcsocialmedia","PTIKPOfficial","PTIHazara","MushtaqGhaniPTI","MominaBasit1","inamshahofficia","IrumWarraich4","AbdulqadirFnGrl","NayabShafqat_"],"tweet_urls":[],"tweet_emoticons":["\ud83e\udd23"],"tweet_date":"2021-09-19T15:00:00","geolocation":null}
{"poi_name":"","poi_id":"","verified":false,"country":"India","id":"1439609866478186496","replied_to_tweet_id":1.439596252e+18,"replied_to_user_id":9.162421524e+17,"reply_text":"","tweet_text":"@KishanKishorr Alwaysssssss No : 1 \u2764\nAb toh Sacchi mai Putting Kala teeka #ShauryaAurAnokhiKiKahani \ud83c\udf11\ud83c\udf11\u2764\ud83d\ude1c Hamari Shaan hai #SAAKK https:\/\/t.co\/59DN3NEEHM","tweet_lang":"hi","text_hi":" Alwaysssssss No  1 \nAb toh Sacchi mai Putting Kala teeka   Hamari Shaan hai  httpstco59DN3NEEHM","hashtags":["ShauryaAurAnokhiKiKahani","SAAKK"],"mentions":["KishanKishorr"],"tweet_urls":[],"tweet_emoticons":["\u2764","\ud83d\ude1c","\ud83c\udf11"],"tweet_date":"2021-09-19T15:00:00","geolocation":null}
{"poi_name":"","poi_id":"","verified":false,"country":"India","id":"1439581767992627205","replied_to_tweet_id":1.43958139e+18,"replied_to_user_id":2208405984.0,"reply_text":"","tweet_text":"@psycho_rB Abe kala teeka hai, najar to muje b teekani hai lagaunga kyu \ud83d\ude02\ud83d\ude02","tweet_lang":"hi","text_hi":" Abe kala teeka hai najar to muje b teekani hai lagaunga kyu ","hashtags":[],"mentions":["psycho_rB"],"tweet_urls":[],"tweet_emoticons":["\ud83d\ude02"],"tweet_date":"2021-09-19T13:00:00","geolocation":null}
{"poi_name":"","poi_id":"","verified":false,"country":"India","id":"1439579451059163152","replied_to_tweet_id":1.439573514e+18,"replied_to_user_id":1.388580885e+18,"reply_text":"","tweet_text":"@eyyanshika Idhar aa pahele tereko nazar ka teeka laga dun \ud83e\udd12\ud83e\udd27","tweet_lang":"hi","text_hi":" Idhar aa pahele tereko nazar ka teeka laga dun ","hashtags":[],"mentions":["eyyanshika"],"tweet_urls":[],"tweet_emoticons":["\ud83e\udd27","\ud83e\udd12"],"tweet_date":"2021-09-19T13:00:00","geolocation":null}
{"poi_name":"","poi_id":"","verified":false,"country":"India","id":"1439576331784577046","replied_to_tweet_id":null,"replied_to_user_id":null,"reply_text":"","tweet_text":"HE IS SOOOOO PYAARA\ud83e\udd7a\u2764\ud83d\ude2d\ud83e\uddff\nWink+Pout+Smile... Hayeee\u2764\ud83e\udd27\nKaala Teeka\u26ab\u26ab\u26ab\u26ab\u26ab\u26ab\n#DheerajDhoopar \u2764\ud83e\udd7a\ud83e\udd27 https:\/\/t.co\/3lqQmcuN9q","tweet_lang":"hi","text_hi":"HE IS SOOOOO PYAARA\nWinkPoutSmile Hayeee\nKaala Teeka\n  httpstco3lqQmcuN9q","hashtags":["DheerajDhoopar"],"mentions":[],"tweet_urls":[],"tweet_emoticons":["\u2764","\ud83e\uddff","\u26ab","\ud83d\ude2d","\ud83e\udd7a","\ud83e\udd27"],"tweet_date":"2021-09-19T13:00:00","geolocation":null}
{"poi_name":"","poi_id":"","verified":false,"country":"India","id":"1439552775772274696","replied_to_tweet_id":null,"replied_to_user_id":null,"reply_text":"","tweet_text":"BEOMGYU SABSE SUNDAR BEOMGYU MERA CHOTTA SA BACHHA KAALA TEEKA THU THU THU NAZAR NA LAGE https:\/\/t.co\/BIgSfQiLTf","tweet_lang":"hi","text_hi":"BEOMGYU SABSE SUNDAR BEOMGYU MERA CHOTTA SA BACHHA KAALA TEEKA THU THU THU NAZAR NA LAGE httpstcoBIgSfQiLTf","hashtags":[],"mentions":[],"tweet_urls":[],"tweet_emoticons":[],"tweet_date":"2021-09-19T12:00:00","geolocation":null}
{"poi_name":"","poi_id":"","verified":false,"country":"India","id":"1439520310601027584","replied_to_tweet_id":null,"replied_to_user_id":null,"reply_text":"","tweet_text":"Chai bolo chaiiiiiiii\nTeeka bolo Teekaaaaaa \ud83d\ude02\u2728\u26a1\ufe0f https:\/\/t.co\/G2bVISC8ms","tweet_lang":"hi","text_hi":"Chai bolo chaiiiiiiii\nTeeka bolo Teekaaaaaa \ufe0f httpstcoG2bVISC8ms","hashtags":[],"mentions":[],"tweet_urls":[],"tweet_emoticons":["\u26a1","\u2728","\ud83d\ude02"],"tweet_date":"2021-09-19T09:00:00","geolocation":null}
{"poi_name":"","poi_id":"","verified":false,"country":"India","id":"1439486607321489408","replied_to_tweet_id":1.439348509e+18,"replied_to_user_id":42606652.0,"reply_text":"","tweet_text":"@aajtak Ye ticket blakiya hr jgah muft muft aur muft ka khel ke ke garib jnta ko nikmma bnana chahte heaur state and des ka khjana khali kro inke pas vikas ka koi plan nhi stta me aakr muslim ko khush krna hi aim he. Puja path teeka chandan slogan to hindu ko chhlne ke liye he. Mt lana","tweet_lang":"hi","text_hi":" Ye ticket blakiya hr jgah muft muft aur muft ka khel ke ke garib jnta ko nikmma bnana chahte heaur state and des ka khjana khali kro inke pas vikas ka koi plan nhi stta me aakr muslim ko khush krna hi aim he Puja path teeka chandan slogan to hindu ko chhlne ke liye he Mt lana","hashtags":[],"mentions":["aajtak"],"tweet_urls":[],"tweet_emoticons":[],"tweet_date":"2021-09-19T07:00:00","geolocation":null}
{"poi_name":"","poi_id":"","verified":false,"country":"India","id":"1439485070184783876","replied_to_tweet_id":1.439299991e+18,"replied_to_user_id":45452226.0,"reply_text":"","tweet_text":"@henrygayle INDIA WALO Abhinandan pe khush na hua kro men ap ko aik misal deta hun k agr ham rat ko ap k ghar men ghus kr ap ki behn ko utha lainaur  poori rat us ki poongi bajayen phr subha us k maathe pe lal teeka laga k ap k hawale kren aur kahen k ap ki behn blkl pawitar he \ud83d\ude02\ud83d\ude02\ud83d\ude02","tweet_lang":"hi","text_hi":" INDIA WALO Abhinandan pe khush na hua kro men ap ko aik misal deta hun k agr ham rat ko ap k ghar men ghus kr ap ki behn ko utha lainaur  poori rat us ki poongi bajayen phr subha us k maathe pe lal teeka laga k ap k hawale kren aur kahen k ap ki behn blkl pawitar he ","hashtags":[],"mentions":["henrygayle"],"tweet_urls":[],"tweet_emoticons":["\ud83d\ude02"],"tweet_date":"2021-09-19T07:00:00","geolocation":null}
{"poi_name":"","poi_id":"","verified":false,"country":"India","id":"1439484093230637059","replied_to_tweet_id":1.43946878e+18,"replied_to_user_id":1.276168251e+18,"reply_text":"","tweet_text":"@anupamm17779534 @henrygayle Ap bhot tez ho bahi .3 billion dollar ka afganistan  men teeka  jo lugwa lia\ud83d\ude05\ud83d\ude05\ud83d\ude05","tweet_lang":"hi","text_hi":"  Ap bhot tez ho bahi 3 billion dollar ka afganistan  men teeka  jo lugwa lia","hashtags":[],"mentions":["anupamm17779534","henrygayle"],"tweet_urls":[],"tweet_emoticons":["\ud83d\ude05"],"tweet_date":"2021-09-19T07:00:00","geolocation":null}
{"poi_name":"","poi_id":"","verified":false,"country":"India","id":"1439482432298827776","replied_to_tweet_id":1.439480213e+18,"replied_to_user_id":1.320801687e+18,"reply_text":"","tweet_text":"@Arijitgupta97 @HassanJ06098150 @theprayagtiwari @henrygayle Rat ko ap ki behn ko ap k ghar se utha lain poori rat us ki poongi bajayen aur subha us k maathe pe lal teeka laga kr ap k hawale kren aur kahen k ap ki behn blkl pawitar he aur ap shor machao media pe pakistanion ne dar k chor dia beghaisrto behn se to poocho pehle\ud83d\ude02\ud83d\ude02\ud83d\ude02 2\/2","tweet_lang":"hi","text_hi":"    Rat ko ap ki behn ko ap k ghar se utha lain poori rat us ki poongi bajayen aur subha us k maathe pe lal teeka laga kr ap k hawale kren aur kahen k ap ki behn blkl pawitar he aur ap shor machao media pe pakistanion ne dar k chor dia beghaisrto behn se to poocho pehle 22","hashtags":[],"mentions":["Arijitgupta97","HassanJ06098150","theprayagtiwari","henrygayle"],"tweet_urls":[],"tweet_emoticons":["\ud83d\ude02"],"tweet_date":"2021-09-19T07:00:00","geolocation":null}
{"poi_name":"","poi_id":"","verified":false,"country":"India","id":"1439478753181069312","replied_to_tweet_id":1.439469132e+18,"replied_to_user_id":3171712086.0,"reply_text":"","tweet_text":"@RahulGandhi Tumhare taraha chor hote toh logon ko pani ka teeka lagate aur saare paise jeeja ke khate mein jaama hote...\n@irobertvadra @INCIndia @rssurjewala @priyankagandhi","tweet_lang":"hi","text_hi":" Tumhare taraha chor hote toh logon ko pani ka teeka lagate aur saare paise jeeja ke khate mein jaama hote\n   ","hashtags":[],"mentions":["RahulGandhi","irobertvadra","INCIndia","rssurjewala","priyankagandhi"],"tweet_urls":[],"tweet_emoticons":[],"tweet_date":"2021-09-19T07:00:00","geolocation":null}
{"poi_name":"","poi_id":"","verified":false,"country":"India","id":"1439471428491825152","replied_to_tweet_id":1.439217957e+18,"replied_to_user_id":9.792634497e+17,"reply_text":"","tweet_text":"@UmarFarookh9 @ThePushpendra_ Agar Asli ma - bap ka hoga to apane sage sambndiyo sahit vaxeen ka teeka nahi lega, dogale log jaroor lenge. Jaisa kuch bade network ne virodh kiya aur bad me ushi vaxeen ka teeka lagawaya.","tweet_lang":"hi","text_hi":"  Agar Asli ma  bap ka hoga to apane sage sambndiyo sahit vaxeen ka teeka nahi lega dogale log jaroor lenge Jaisa kuch bade network ne virodh kiya aur bad me ushi vaxeen ka teeka lagawaya","hashtags":[],"mentions":["UmarFarookh9","ThePushpendra_"],"tweet_urls":[],"tweet_emoticons":[],"tweet_date":"2021-09-19T06:00:00","geolocation":null}
{"poi_name":"","poi_id":"","verified":false,"country":"India","id":"1439468428994093057","replied_to_tweet_id":1.439444201e+18,"replied_to_user_id":163817624.0,"reply_text":"","tweet_text":"@AMISHDEVGAN Teeka laga lene se bhi Jaanwar, jaanwar hi rehta hain....","tweet_lang":"hi","text_hi":" Teeka laga lene se bhi Jaanwar jaanwar hi rehta hain","hashtags":[],"mentions":["AMISHDEVGAN"],"tweet_urls":[],"tweet_emoticons":[],"tweet_date":"2021-09-19T06:00:00","geolocation":null}
{"poi_name":"","poi_id":"","verified":false,"country":"India","id":"1439464545467174916","replied_to_tweet_id":1.439464311e+18,"replied_to_user_id":8.90448833e+17,"reply_text":"","tweet_text":"@thelifeofneeha Zehar ka teeka nahi lagwana mujhe","tweet_lang":"hi","text_hi":" Zehar ka teeka nahi lagwana mujhe","hashtags":[],"mentions":["thelifeofneeha"],"tweet_urls":[],"tweet_emoticons":[],"tweet_date":"2021-09-19T06:00:00","geolocation":null}
{"poi_name":"","poi_id":"","verified":false,"country":"India","id":"1439428016996708353","replied_to_tweet_id":1.439297235e+18,"replied_to_user_id":129195937.0,"reply_text":"","tweet_text":"@Nilima_ShahINC @Humphrey_Applby @rohanrgupta Hey mandbuddhi ki chamchi \n\n18 baras ke upar ki population 94cr hai \n\nRahul Gandhi ke liye abhi duniya me tika nahi bana hai \n\nAur aisey virus ka teeka ek hi hai \n\nJaldi se Kabrgaah tak pahunchaana","tweet_lang":"hi","text_hi":"   Hey mandbuddhi ki chamchi \n\n18 baras ke upar ki population 94cr hai \n\nRahul Gandhi ke liye abhi duniya me tika nahi bana hai \n\nAur aisey virus ka teeka ek hi hai \n\nJaldi se Kabrgaah tak pahunchaana","hashtags":[],"mentions":["Nilima_ShahINC","Humphrey_Applby","rohanrgupta"],"tweet_urls":[],"tweet_emoticons":[],"tweet_date":"2021-09-19T03:00:00","geolocation":null}
{"poi_name":"","poi_id":"","verified":false,"country":"India","id":"1439310082106265604","replied_to_tweet_id":1.439309395e+18,"replied_to_user_id":9.466137235e+17,"reply_text":"","tweet_text":"@anadoie Taan hi kaan thalle kaala teeka la leya karo \ud83d\udc9b","tweet_lang":"hi","text_hi":" Taan hi kaan thalle kaala teeka la leya karo ","hashtags":[],"mentions":["anadoie"],"tweet_urls":[],"tweet_emoticons":["\ud83d\udc9b"],"tweet_date":"2021-09-18T19:00:00","geolocation":null}
{"poi_name":"","poi_id":"","verified":false,"country":"India","id":"1439303196598579200","replied_to_tweet_id":1.439152573e+18,"replied_to_user_id":1.29567437e+18,"reply_text":"","tweet_text":"@always_nagging I thought pan ki pachkari hai.. Ye insanon wala hi teeka ta kiya.. Seems like bhainson walay tekey sey lagaya hai","tweet_lang":"hi","text_hi":" I thought pan ki pachkari hai Ye insanon wala hi teeka ta kiya Seems like bhainson walay tekey sey lagaya hai","hashtags":[],"mentions":["always_nagging"],"tweet_urls":[],"tweet_emoticons":[],"tweet_date":"2021-09-18T19:00:00","geolocation":null}
{"poi_name":"","poi_id":"","verified":false,"country":"India","id":"1439271662419992582","replied_to_tweet_id":1.439265476e+18,"replied_to_user_id":115948845.0,"reply_text":"","tweet_text":"@shaileshgupta1 @mssirsa @MamataOfficial Ary bhaisaab aap fir kyu mandir main Maathe par Teeka lgate h Pujari??Woh bhi toh ek Ritual hota h aapke Hinduism main..Kabhi Tirumala gye ho??gye nahi toh rules toh pata ho he Waha ke??Kyu alag alag rates rakhe h puja karwane k liye??kya 50 Wali puja 750\/- Wali puja different h?","tweet_lang":"hi","text_hi":"   Ary bhaisaab aap fir kyu mandir main Maathe par Teeka lgate h PujariWoh bhi toh ek Ritual hota h aapke Hinduism mainKabhi Tirumala gye hogye nahi toh rules toh pata ho he Waha keKyu alag alag rates rakhe h puja karwane k liyekya 50 Wali puja 750 Wali puja different h","hashtags":[],"mentions":["shaileshgupta1","mssirsa","MamataOfficial"],"tweet_urls":[],"tweet_emoticons":[],"tweet_date":"2021-09-18T17:00:00","geolocation":null}
{"poi_name":"","poi_id":"","verified":false,"country":"India","id":"1439260207004012548","replied_to_tweet_id":1.439258432e+18,"replied_to_user_id":1934388686.0,"reply_text":"","tweet_text":"@ShefVaidya @capt_amarinder 2 maha chewtiye congressi journalist aapas me gyan ka aadan pradaan karte hue aur man hi man me ye sochte hue ki dono ko apaar buddhi ka Vardaan seedhe Brahma Dev se mila hua hai Aur unke asankhyak samarthak unse isi tarah ki koi teeka tippani ki prateeksha me the \ud83d\ude05","tweet_lang":"hi","text_hi":"  2 maha chewtiye congressi journalist aapas me gyan ka aadan pradaan karte hue aur man hi man me ye sochte hue ki dono ko apaar buddhi ka Vardaan seedhe Brahma Dev se mila hua hai Aur unke asankhyak samarthak unse isi tarah ki koi teeka tippani ki prateeksha me the ","hashtags":[],"mentions":["ShefVaidya","capt_amarinder"],"tweet_urls":[],"tweet_emoticons":["\ud83d\ude05"],"tweet_date":"2021-09-18T16:00:00","geolocation":null}
{"poi_name":"","poi_id":"","verified":false,"country":"India","id":"1439228021592838147","replied_to_tweet_id":null,"replied_to_user_id":null,"reply_text":"","tweet_text":"Modi ki biwi ke naam se hi bhakton ko teeka lag jaata hai \ud83d\ude04\n\nWo teeka vaccination me nahi aata \ud83d\ude09 https:\/\/t.co\/UgeyFNXeP1","tweet_lang":"hi","text_hi":"Modi ki biwi ke naam se hi bhakton ko teeka lag jaata hai \n\nWo teeka vaccination me nahi aata  ","hashtags":[],"mentions":[],"tweet_urls":["https:\/\/t.co\/UgeyFNXeP1"],"tweet_emoticons":["\ud83d\ude09","\ud83d\ude04"],"tweet_date":"2021-09-18T14:00:00","geolocation":null}
{"poi_name":"","poi_id":"","verified":false,"country":"India","id":"1439222069850345473","replied_to_tweet_id":1.439058492e+18,"replied_to_user_id":1.239561496e+18,"reply_text":"","tweet_text":"@sach_ki_Aawaz Arey ganwar ek crore teeka kitna bar ho gya shuker kro modi hai jo itna speedy vaccines ho gya pr ye chor logon ki chori Modi ji ke rehte band ho gai isliye pat dard inke hoga hi","tweet_lang":"hi","text_hi":" Arey ganwar ek crore teeka kitna bar ho gya shuker kro modi hai jo itna speedy vaccines ho gya pr ye chor logon ki chori Modi ji ke rehte band ho gai isliye pat dard inke hoga hi","hashtags":[],"mentions":["sach_ki_Aawaz"],"tweet_urls":[],"tweet_emoticons":[],"tweet_date":"2021-09-18T14:00:00","geolocation":null}
{"poi_name":"","poi_id":"","verified":false,"country":"India","id":"1440786615039709184","replied_to_tweet_id":null,"replied_to_user_id":null,"reply_text":"","tweet_text":"RT @RDXThinksThat: Teeka laga ke ek Theekana lelo nahin to Trader Bajwa Theekane laga dega\n@ImranKhanPTI\n#KamarKasloImran\nBahut busy hain A\u2026","tweet_lang":"hi","text_hi":"RT  Teeka laga ke ek Theekana lelo nahin to Trader Bajwa Theekane laga dega\n\n\nBahut busy hain A\u2026","hashtags":["KamarKasloImran"],"mentions":["RDXThinksThat","ImranKhanPTI"],"tweet_urls":[],"tweet_emoticons":[],"tweet_date":"2021-09-22T21:00:00","geolocation":null}
{"poi_name":"","poi_id":"","verified":false,"country":"India","id":"1440763793798172673","replied_to_tweet_id":null,"replied_to_user_id":null,"reply_text":"","tweet_text":"RT @RDXThinksThat: Teeka laga ke ek Theekana lelo nahin to Trader Bajwa Theekane laga dega\n@ImranKhanPTI\n#KamarKasloImran\nBahut busy hain A\u2026","tweet_lang":"hi","text_hi":"RT  Teeka laga ke ek Theekana lelo nahin to Trader Bajwa Theekane laga dega\n\n\nBahut busy hain A\u2026","hashtags":["KamarKasloImran"],"mentions":["RDXThinksThat","ImranKhanPTI"],"tweet_urls":[],"tweet_emoticons":[],"tweet_date":"2021-09-22T20:00:00","geolocation":null}
{"poi_name":"","poi_id":"","verified":false,"country":"India","id":"1440759584742772740","replied_to_tweet_id":null,"replied_to_user_id":null,"reply_text":"","tweet_text":"RT @RDXThinksThat: Teeka laga ke ek Theekana lelo nahin to Trader Bajwa Theekane laga dega\n@ImranKhanPTI\n#KamarKasloImran\nBahut busy hain A\u2026","tweet_lang":"hi","text_hi":"RT  Teeka laga ke ek Theekana lelo nahin to Trader Bajwa Theekane laga dega\n\n\nBahut busy hain A\u2026","hashtags":["KamarKasloImran"],"mentions":["RDXThinksThat","ImranKhanPTI"],"tweet_urls":[],"tweet_emoticons":[],"tweet_date":"2021-09-22T19:00:00","geolocation":null}
{"poi_name":"","poi_id":"","verified":false,"country":"India","id":"1440742853756346372","replied_to_tweet_id":null,"replied_to_user_id":null,"reply_text":"","tweet_text":"RT @RDXThinksThat: Teeka laga ke ek Theekana lelo nahin to Trader Bajwa Theekane laga dega\n@ImranKhanPTI\n#KamarKasloImran\nBahut busy hain A\u2026","tweet_lang":"hi","text_hi":"RT  Teeka laga ke ek Theekana lelo nahin to Trader Bajwa Theekane laga dega\n\n\nBahut busy hain A\u2026","hashtags":["KamarKasloImran"],"mentions":["RDXThinksThat","ImranKhanPTI"],"tweet_urls":[],"tweet_emoticons":[],"tweet_date":"2021-09-22T18:00:00","geolocation":null}
{"poi_name":"","poi_id":"","verified":false,"country":"India","id":"1440742014551674883","replied_to_tweet_id":null,"replied_to_user_id":null,"reply_text":"","tweet_text":"RT @RDXThinksThat: Teeka laga ke ek Theekana lelo nahin to Trader Bajwa Theekane laga dega\n@ImranKhanPTI\n#KamarKasloImran\nBahut busy hain A\u2026","tweet_lang":"hi","text_hi":"RT  Teeka laga ke ek Theekana lelo nahin to Trader Bajwa Theekane laga dega\n\n\nBahut busy hain A\u2026","hashtags":["KamarKasloImran"],"mentions":["RDXThinksThat","ImranKhanPTI"],"tweet_urls":[],"tweet_emoticons":[],"tweet_date":"2021-09-22T18:00:00","geolocation":null}
{"poi_name":"","poi_id":"","verified":false,"country":"India","id":"1440741084699660294","replied_to_tweet_id":null,"replied_to_user_id":null,"reply_text":"","tweet_text":"RT @RDXThinksThat: Teeka laga ke ek Theekana lelo nahin to Trader Bajwa Theekane laga dega\n@ImranKhanPTI\n#KamarKasloImran\nBahut busy hain A\u2026","tweet_lang":"hi","text_hi":"RT  Teeka laga ke ek Theekana lelo nahin to Trader Bajwa Theekane laga dega\n\n\nBahut busy hain A\u2026","hashtags":["KamarKasloImran"],"mentions":["RDXThinksThat","ImranKhanPTI"],"tweet_urls":[],"tweet_emoticons":[],"tweet_date":"2021-09-22T18:00:00","geolocation":null}
{"poi_name":"","poi_id":"","verified":false,"country":"India","id":"1440739483939311623","replied_to_tweet_id":null,"replied_to_user_id":null,"reply_text":"","tweet_text":"RT @RDXThinksThat: Teeka laga ke ek Theekana lelo nahin to Trader Bajwa Theekane laga dega\n@ImranKhanPTI\n#KamarKasloImran\nBahut busy hain A\u2026","tweet_lang":"hi","text_hi":"RT  Teeka laga ke ek Theekana lelo nahin to Trader Bajwa Theekane laga dega\n\n\nBahut busy hain A\u2026","hashtags":["KamarKasloImran"],"mentions":["RDXThinksThat","ImranKhanPTI"],"tweet_urls":[],"tweet_emoticons":[],"tweet_date":"2021-09-22T18:00:00","geolocation":null}
{"poi_name":"","poi_id":"","verified":false,"country":"India","id":"1440737818200793094","replied_to_tweet_id":null,"replied_to_user_id":null,"reply_text":"","tweet_text":"RT @RDXThinksThat: Teeka laga ke ek Theekana lelo nahin to Trader Bajwa Theekane laga dega\n@ImranKhanPTI\n#KamarKasloImran\nBahut busy hain A\u2026","tweet_lang":"hi","text_hi":"RT  Teeka laga ke ek Theekana lelo nahin to Trader Bajwa Theekane laga dega\n\n\nBahut busy hain A\u2026","hashtags":["KamarKasloImran"],"mentions":["RDXThinksThat","ImranKhanPTI"],"tweet_urls":[],"tweet_emoticons":[],"tweet_date":"2021-09-22T18:00:00","geolocation":null}
{"poi_name":"","poi_id":"","verified":false,"country":"India","id":"1440737671001694208","replied_to_tweet_id":null,"replied_to_user_id":null,"reply_text":"","tweet_text":"RT @RDXThinksThat: Teeka laga ke ek Theekana lelo nahin to Trader Bajwa Theekane laga dega\n@ImranKhanPTI\n#KamarKasloImran\nBahut busy hain A\u2026","tweet_lang":"hi","text_hi":"RT  Teeka laga ke ek Theekana lelo nahin to Trader Bajwa Theekane laga dega\n\n\nBahut busy hain A\u2026","hashtags":["KamarKasloImran"],"mentions":["RDXThinksThat","ImranKhanPTI"],"tweet_urls":[],"tweet_emoticons":[],"tweet_date":"2021-09-22T18:00:00","geolocation":null}
{"poi_name":"","poi_id":"","verified":false,"country":"India","id":"1440737642371420163","replied_to_tweet_id":null,"replied_to_user_id":null,"reply_text":"","tweet_text":"RT @RDXThinksThat: Teeka laga ke ek Theekana lelo nahin to Trader Bajwa Theekane laga dega\n@ImranKhanPTI\n#KamarKasloImran\nBahut busy hain A\u2026","tweet_lang":"hi","text_hi":"RT  Teeka laga ke ek Theekana lelo nahin to Trader Bajwa Theekane laga dega\n\n\nBahut busy hain A\u2026","hashtags":["KamarKasloImran"],"mentions":["RDXThinksThat","ImranKhanPTI"],"tweet_urls":[],"tweet_emoticons":[],"tweet_date":"2021-09-22T18:00:00","geolocation":null}
{"poi_name":"","poi_id":"","verified":false,"country":"India","id":"1440735999026294788","replied_to_tweet_id":null,"replied_to_user_id":null,"reply_text":"","tweet_text":"RT @RDXThinksThat: Teeka laga ke ek Theekana lelo nahin to Trader Bajwa Theekane laga dega\n@ImranKhanPTI\n#KamarKasloImran\nBahut busy hain A\u2026","tweet_lang":"hi","text_hi":"RT  Teeka laga ke ek Theekana lelo nahin to Trader Bajwa Theekane laga dega\n\n\nBahut busy hain A\u2026","hashtags":["KamarKasloImran"],"mentions":["RDXThinksThat","ImranKhanPTI"],"tweet_urls":[],"tweet_emoticons":[],"tweet_date":"2021-09-22T18:00:00","geolocation":null}
{"poi_name":"","poi_id":"","verified":false,"country":"India","id":"1440735736303546375","replied_to_tweet_id":null,"replied_to_user_id":null,"reply_text":"","tweet_text":"RT @RDXThinksThat: Teeka laga ke ek Theekana lelo nahin to Trader Bajwa Theekane laga dega\n@ImranKhanPTI\n#KamarKasloImran\nBahut busy hain A\u2026","tweet_lang":"hi","text_hi":"RT  Teeka laga ke ek Theekana lelo nahin to Trader Bajwa Theekane laga dega\n\n\nBahut busy hain A\u2026","hashtags":["KamarKasloImran"],"mentions":["RDXThinksThat","ImranKhanPTI"],"tweet_urls":[],"tweet_emoticons":[],"tweet_date":"2021-09-22T18:00:00","geolocation":null}
{"poi_name":"","poi_id":"","verified":false,"country":"India","id":"1440735357436194817","replied_to_tweet_id":null,"replied_to_user_id":null,"reply_text":"","tweet_text":"RT @RDXThinksThat: Teeka laga ke ek Theekana lelo nahin to Trader Bajwa Theekane laga dega\n@ImranKhanPTI\n#KamarKasloImran\nBahut busy hain A\u2026","tweet_lang":"hi","text_hi":"RT  Teeka laga ke ek Theekana lelo nahin to Trader Bajwa Theekane laga dega\n\n\nBahut busy hain A\u2026","hashtags":["KamarKasloImran"],"mentions":["RDXThinksThat","ImranKhanPTI"],"tweet_urls":[],"tweet_emoticons":[],"tweet_date":"2021-09-22T18:00:00","geolocation":null}
{"poi_name":"","poi_id":"","verified":false,"country":"India","id":"1440735275823419394","replied_to_tweet_id":null,"replied_to_user_id":null,"reply_text":"","tweet_text":"RT @RDXThinksThat: Teeka laga ke ek Theekana lelo nahin to Trader Bajwa Theekane laga dega\n@ImranKhanPTI\n#KamarKasloImran\nBahut busy hain A\u2026","tweet_lang":"hi","text_hi":"RT  Teeka laga ke ek Theekana lelo nahin to Trader Bajwa Theekane laga dega\n\n\nBahut busy hain A\u2026","hashtags":["KamarKasloImran"],"mentions":["RDXThinksThat","ImranKhanPTI"],"tweet_urls":[],"tweet_emoticons":[],"tweet_date":"2021-09-22T18:00:00","geolocation":null}
{"poi_name":"","poi_id":"","verified":false,"country":"India","id":"1440734872742465540","replied_to_tweet_id":null,"replied_to_user_id":null,"reply_text":"","tweet_text":"RT @RDXThinksThat: Teeka laga ke ek Theekana lelo nahin to Trader Bajwa Theekane laga dega\n@ImranKhanPTI\n#KamarKasloImran\nBahut busy hain A\u2026","tweet_lang":"hi","text_hi":"RT  Teeka laga ke ek Theekana lelo nahin to Trader Bajwa Theekane laga dega\n\n\nBahut busy hain A\u2026","hashtags":["KamarKasloImran"],"mentions":["RDXThinksThat","ImranKhanPTI"],"tweet_urls":[],"tweet_emoticons":[],"tweet_date":"2021-09-22T18:00:00","geolocation":null}
{"poi_name":"","poi_id":"","verified":false,"country":"India","id":"1440734856921505801","replied_to_tweet_id":null,"replied_to_user_id":null,"reply_text":"","tweet_text":"RT @RDXThinksThat: Teeka laga ke ek Theekana lelo nahin to Trader Bajwa Theekane laga dega\n@ImranKhanPTI\n#KamarKasloImran\nBahut busy hain A\u2026","tweet_lang":"hi","text_hi":"RT  Teeka laga ke ek Theekana lelo nahin to Trader Bajwa Theekane laga dega\n\n\nBahut busy hain A\u2026","hashtags":["KamarKasloImran"],"mentions":["RDXThinksThat","ImranKhanPTI"],"tweet_urls":[],"tweet_emoticons":[],"tweet_date":"2021-09-22T18:00:00","geolocation":null}
{"poi_name":"","poi_id":"","verified":false,"country":"India","id":"1440734609029828614","replied_to_tweet_id":null,"replied_to_user_id":null,"reply_text":"","tweet_text":"RT @RDXThinksThat: Teeka laga ke ek Theekana lelo nahin to Trader Bajwa Theekane laga dega\n@ImranKhanPTI\n#KamarKasloImran\nBahut busy hain A\u2026","tweet_lang":"hi","text_hi":"RT  Teeka laga ke ek Theekana lelo nahin to Trader Bajwa Theekane laga dega\n\n\nBahut busy hain A\u2026","hashtags":["KamarKasloImran"],"mentions":["RDXThinksThat","ImranKhanPTI"],"tweet_urls":[],"tweet_emoticons":[],"tweet_date":"2021-09-22T18:00:00","geolocation":null}
{"poi_name":"","poi_id":"","verified":false,"country":"India","id":"1440734566231117828","replied_to_tweet_id":null,"replied_to_user_id":null,"reply_text":"","tweet_text":"RT @RDXThinksThat: Teeka laga ke ek Theekana lelo nahin to Trader Bajwa Theekane laga dega\n@ImranKhanPTI\n#KamarKasloImran\nBahut busy hain A\u2026","tweet_lang":"hi","text_hi":"RT  Teeka laga ke ek Theekana lelo nahin to Trader Bajwa Theekane laga dega\n\n\nBahut busy hain A\u2026","hashtags":["KamarKasloImran"],"mentions":["RDXThinksThat","ImranKhanPTI"],"tweet_urls":[],"tweet_emoticons":[],"tweet_date":"2021-09-22T18:00:00","geolocation":null}
{"poi_name":"","poi_id":"","verified":false,"country":"India","id":"1440733618813296644","replied_to_tweet_id":null,"replied_to_user_id":null,"reply_text":"","tweet_text":"RT @RDXThinksThat: Teeka laga ke ek Theekana lelo nahin to Trader Bajwa Theekane laga dega\n@ImranKhanPTI\n#KamarKasloImran\nBahut busy hain A\u2026","tweet_lang":"hi","text_hi":"RT  Teeka laga ke ek Theekana lelo nahin to Trader Bajwa Theekane laga dega\n\n\nBahut busy hain A\u2026","hashtags":["KamarKasloImran"],"mentions":["RDXThinksThat","ImranKhanPTI"],"tweet_urls":[],"tweet_emoticons":[],"tweet_date":"2021-09-22T18:00:00","geolocation":null}
{"poi_name":"","poi_id":"","verified":false,"country":"India","id":"1440733173718028292","replied_to_tweet_id":null,"replied_to_user_id":null,"reply_text":"","tweet_text":"RT @RDXThinksThat: Teeka laga ke ek Theekana lelo nahin to Trader Bajwa Theekane laga dega\n@ImranKhanPTI\n#KamarKasloImran\nBahut busy hain A\u2026","tweet_lang":"hi","text_hi":"RT  Teeka laga ke ek Theekana lelo nahin to Trader Bajwa Theekane laga dega\n\n\nBahut busy hain A\u2026","hashtags":["KamarKasloImran"],"mentions":["RDXThinksThat","ImranKhanPTI"],"tweet_urls":[],"tweet_emoticons":[],"tweet_date":"2021-09-22T18:00:00","geolocation":null}
{"poi_name":"","poi_id":"","verified":false,"country":"India","id":"1440733096442167298","replied_to_tweet_id":null,"replied_to_user_id":null,"reply_text":"","tweet_text":"RT @RDXThinksThat: Teeka laga ke ek Theekana lelo nahin to Trader Bajwa Theekane laga dega\n@ImranKhanPTI\n#KamarKasloImran\nBahut busy hain A\u2026","tweet_lang":"hi","text_hi":"RT  Teeka laga ke ek Theekana lelo nahin to Trader Bajwa Theekane laga dega\n\n\nBahut busy hain A\u2026","hashtags":["KamarKasloImran"],"mentions":["RDXThinksThat","ImranKhanPTI"],"tweet_urls":[],"tweet_emoticons":[],"tweet_date":"2021-09-22T18:00:00","geolocation":null}
{"poi_name":"","poi_id":"","verified":false,"country":"India","id":"1440732700642480129","replied_to_tweet_id":null,"replied_to_user_id":null,"reply_text":"","tweet_text":"RT @RDXThinksThat: Teeka laga ke ek Theekana lelo nahin to Trader Bajwa Theekane laga dega\n@ImranKhanPTI\n#KamarKasloImran\nBahut busy hain A\u2026","tweet_lang":"hi","text_hi":"RT  Teeka laga ke ek Theekana lelo nahin to Trader Bajwa Theekane laga dega\n\n\nBahut busy hain A\u2026","hashtags":["KamarKasloImran"],"mentions":["RDXThinksThat","ImranKhanPTI"],"tweet_urls":[],"tweet_emoticons":[],"tweet_date":"2021-09-22T18:00:00","geolocation":null}
{"poi_name":"","poi_id":"","verified":false,"country":"India","id":"1440732266355851268","replied_to_tweet_id":null,"replied_to_user_id":null,"reply_text":"","tweet_text":"RT @RDXThinksThat: Teeka laga ke ek Theekana lelo nahin to Trader Bajwa Theekane laga dega\n@ImranKhanPTI\n#KamarKasloImran\nBahut busy hain A\u2026","tweet_lang":"hi","text_hi":"RT  Teeka laga ke ek Theekana lelo nahin to Trader Bajwa Theekane laga dega\n\n\nBahut busy hain A\u2026","hashtags":["KamarKasloImran"],"mentions":["RDXThinksThat","ImranKhanPTI"],"tweet_urls":[],"tweet_emoticons":[],"tweet_date":"2021-09-22T18:00:00","geolocation":null}
{"poi_name":"","poi_id":"","verified":false,"country":"India","id":"1440732121681727500","replied_to_tweet_id":null,"replied_to_user_id":null,"reply_text":"","tweet_text":"RT @RDXThinksThat: Teeka laga ke ek Theekana lelo nahin to Trader Bajwa Theekane laga dega\n@ImranKhanPTI\n#KamarKasloImran\nBahut busy hain A\u2026","tweet_lang":"hi","text_hi":"RT  Teeka laga ke ek Theekana lelo nahin to Trader Bajwa Theekane laga dega\n\n\nBahut busy hain A\u2026","hashtags":["KamarKasloImran"],"mentions":["RDXThinksThat","ImranKhanPTI"],"tweet_urls":[],"tweet_emoticons":[],"tweet_date":"2021-09-22T18:00:00","geolocation":null}
{"poi_name":"","poi_id":"","verified":false,"country":"India","id":"1440732114819842050","replied_to_tweet_id":null,"replied_to_user_id":null,"reply_text":"","tweet_text":"RT @RDXThinksThat: Teeka laga ke ek Theekana lelo nahin to Trader Bajwa Theekane laga dega\n@ImranKhanPTI\n#KamarKasloImran\nBahut busy hain A\u2026","tweet_lang":"hi","text_hi":"RT  Teeka laga ke ek Theekana lelo nahin to Trader Bajwa Theekane laga dega\n\n\nBahut busy hain A\u2026","hashtags":["KamarKasloImran"],"mentions":["RDXThinksThat","ImranKhanPTI"],"tweet_urls":[],"tweet_emoticons":[],"tweet_date":"2021-09-22T18:00:00","geolocation":null}
{"poi_name":"","poi_id":"","verified":false,"country":"India","id":"1440728147373084675","replied_to_tweet_id":null,"replied_to_user_id":null,"reply_text":"","tweet_text":"RT @NaazEmotion: Naa ghabraana tu jahan main wahan.. \nTo kya hua gar na dikhayi doon yahan.. \n\nHar waqt saath saath he hain hum tum\nNa hona\u2026","tweet_lang":"hi","text_hi":"RT  Naa ghabraana tu jahan main wahan \nTo kya hua gar na dikhayi doon yahan \n\nHar waqt saath saath he hain hum tum\nNa hona\u2026","hashtags":[],"mentions":["NaazEmotion"],"tweet_urls":[],"tweet_emoticons":[],"tweet_date":"2021-09-22T17:00:00","geolocation":null}
{"poi_name":"","poi_id":"","verified":false,"country":"India","id":"1440727260718272519","replied_to_tweet_id":null,"replied_to_user_id":null,"reply_text":"","tweet_text":"RT @PremBakshi10: Wah Modi ji Wah Aap Ki Maya,\nKahin Dhoop Kahin Chaya,\nKahin Mritkkon Ko Teeka Lagaya,\nKahin Bina Teeka Lagay Hi \nTeeka La\u2026","tweet_lang":"hi","text_hi":"RT  Wah Modi ji Wah Aap Ki Maya\nKahin Dhoop Kahin Chaya\nKahin Mritkkon Ko Teeka Lagaya\nKahin Bina Teeka Lagay Hi \nTeeka La\u2026","hashtags":[],"mentions":["PremBakshi10"],"tweet_urls":[],"tweet_emoticons":[],"tweet_date":"2021-09-22T17:00:00","geolocation":null}
{"poi_name":"","poi_id":"","verified":false,"country":"India","id":"1440722012947705857","replied_to_tweet_id":null,"replied_to_user_id":null,"reply_text":"","tweet_text":"RT @NaazEmotion: Naa ghabraana tu jahan main wahan.. \nTo kya hua gar na dikhayi doon yahan.. \n\nHar waqt saath saath he hain hum tum\nNa hona\u2026","tweet_lang":"hi","text_hi":"RT  Naa ghabraana tu jahan main wahan \nTo kya hua gar na dikhayi doon yahan \n\nHar waqt saath saath he hain hum tum\nNa hona\u2026","hashtags":[],"mentions":["NaazEmotion"],"tweet_urls":[],"tweet_emoticons":[],"tweet_date":"2021-09-22T17:00:00","geolocation":null}
{"poi_name":"","poi_id":"","verified":false,"country":"India","id":"1440714810795036677","replied_to_tweet_id":null,"replied_to_user_id":null,"reply_text":"","tweet_text":"RT @NaazEmotion: Naa ghabraana tu jahan main wahan.. \nTo kya hua gar na dikhayi doon yahan.. \n\nHar waqt saath saath he hain hum tum\nNa hona\u2026","tweet_lang":"hi","text_hi":"RT  Naa ghabraana tu jahan main wahan \nTo kya hua gar na dikhayi doon yahan \n\nHar waqt saath saath he hain hum tum\nNa hona\u2026","hashtags":[],"mentions":["NaazEmotion"],"tweet_urls":[],"tweet_emoticons":[],"tweet_date":"2021-09-22T16:00:00","geolocation":null}
{"poi_name":"","poi_id":"","verified":false,"country":"India","id":"1440704764212174856","replied_to_tweet_id":null,"replied_to_user_id":null,"reply_text":"","tweet_text":"RT @NaazEmotion: Naa ghabraana tu jahan main wahan.. \nTo kya hua gar na dikhayi doon yahan.. \n\nHar waqt saath saath he hain hum tum\nNa hona\u2026","tweet_lang":"hi","text_hi":"RT  Naa ghabraana tu jahan main wahan \nTo kya hua gar na dikhayi doon yahan \n\nHar waqt saath saath he hain hum tum\nNa hona\u2026","hashtags":[],"mentions":["NaazEmotion"],"tweet_urls":[],"tweet_emoticons":[],"tweet_date":"2021-09-22T16:00:00","geolocation":null}
{"poi_name":"","poi_id":"","verified":false,"country":"India","id":"1440698409380315139","replied_to_tweet_id":null,"replied_to_user_id":null,"reply_text":"","tweet_text":"RT @iAnkit____: @atulmohanhere Ajay Devgn ka cameo chahiye hame Sooryavnshi ki tarah, film me kala teeka ki jarurat Hai, Taki najar na lage","tweet_lang":"hi","text_hi":"RT   Ajay Devgn ka cameo chahiye hame Sooryavnshi ki tarah film me kala teeka ki jarurat Hai Taki najar na lage","hashtags":[],"mentions":["iAnkit____","atulmohanhere"],"tweet_urls":[],"tweet_emoticons":[],"tweet_date":"2021-09-22T15:00:00","geolocation":null}
{"poi_name":"","poi_id":"","verified":false,"country":"India","id":"1440696907999764480","replied_to_tweet_id":null,"replied_to_user_id":null,"reply_text":"","tweet_text":"RT @iAnkit____: @atulmohanhere Ajay Devgn ka cameo chahiye hame Sooryavnshi ki tarah, film me kala teeka ki jarurat Hai, Taki najar na lage","tweet_lang":"hi","text_hi":"RT   Ajay Devgn ka cameo chahiye hame Sooryavnshi ki tarah film me kala teeka ki jarurat Hai Taki najar na lage","hashtags":[],"mentions":["iAnkit____","atulmohanhere"],"tweet_urls":[],"tweet_emoticons":[],"tweet_date":"2021-09-22T15:00:00","geolocation":null}
{"poi_name":"","poi_id":"","verified":false,"country":"India","id":"1440684473113219085","replied_to_tweet_id":null,"replied_to_user_id":null,"reply_text":"","tweet_text":"RT @NaazEmotion: Naa ghabraana tu jahan main wahan.. \nTo kya hua gar na dikhayi doon yahan.. \n\nHar waqt saath saath he hain hum tum\nNa hona\u2026","tweet_lang":"hi","text_hi":"RT  Naa ghabraana tu jahan main wahan \nTo kya hua gar na dikhayi doon yahan \n\nHar waqt saath saath he hain hum tum\nNa hona\u2026","hashtags":[],"mentions":["NaazEmotion"],"tweet_urls":[],"tweet_emoticons":[],"tweet_date":"2021-09-22T14:00:00","geolocation":null}
{"poi_name":"","poi_id":"","verified":false,"country":"India","id":"1440672259987759117","replied_to_tweet_id":null,"replied_to_user_id":null,"reply_text":"","tweet_text":"RT @NaazEmotion: Naa ghabraana tu jahan main wahan.. \nTo kya hua gar na dikhayi doon yahan.. \n\nHar waqt saath saath he hain hum tum\nNa hona\u2026","tweet_lang":"hi","text_hi":"RT  Naa ghabraana tu jahan main wahan \nTo kya hua gar na dikhayi doon yahan \n\nHar waqt saath saath he hain hum tum\nNa hona\u2026","hashtags":[],"mentions":["NaazEmotion"],"tweet_urls":[],"tweet_emoticons":[],"tweet_date":"2021-09-22T14:00:00","geolocation":null}
{"poi_name":"","poi_id":"","verified":false,"country":"India","id":"1440671185780445187","replied_to_tweet_id":null,"replied_to_user_id":null,"reply_text":"","tweet_text":"RT @NaazEmotion: Naa ghabraana tu jahan main wahan.. \nTo kya hua gar na dikhayi doon yahan.. \n\nHar waqt saath saath he hain hum tum\nNa hona\u2026","tweet_lang":"hi","text_hi":"RT  Naa ghabraana tu jahan main wahan \nTo kya hua gar na dikhayi doon yahan \n\nHar waqt saath saath he hain hum tum\nNa hona\u2026","hashtags":[],"mentions":["NaazEmotion"],"tweet_urls":[],"tweet_emoticons":[],"tweet_date":"2021-09-22T14:00:00","geolocation":null}
{"poi_name":"","poi_id":"","verified":false,"country":"India","id":"1440671055232659474","replied_to_tweet_id":null,"replied_to_user_id":null,"reply_text":"","tweet_text":"RT @NaazEmotion: Naa ghabraana tu jahan main wahan.. \nTo kya hua gar na dikhayi doon yahan.. \n\nHar waqt saath saath he hain hum tum\nNa hona\u2026","tweet_lang":"hi","text_hi":"RT  Naa ghabraana tu jahan main wahan \nTo kya hua gar na dikhayi doon yahan \n\nHar waqt saath saath he hain hum tum\nNa hona\u2026","hashtags":[],"mentions":["NaazEmotion"],"tweet_urls":[],"tweet_emoticons":[],"tweet_date":"2021-09-22T14:00:00","geolocation":null}
{"poi_name":"","poi_id":"","verified":false,"country":"India","id":"1440669463808933891","replied_to_tweet_id":null,"replied_to_user_id":null,"reply_text":"","tweet_text":"RT @NaazEmotion: Naa ghabraana tu jahan main wahan.. \nTo kya hua gar na dikhayi doon yahan.. \n\nHar waqt saath saath he hain hum tum\nNa hona\u2026","tweet_lang":"hi","text_hi":"RT  Naa ghabraana tu jahan main wahan \nTo kya hua gar na dikhayi doon yahan \n\nHar waqt saath saath he hain hum tum\nNa hona\u2026","hashtags":[],"mentions":["NaazEmotion"],"tweet_urls":[],"tweet_emoticons":[],"tweet_date":"2021-09-22T13:00:00","geolocation":null}
{"poi_name":"","poi_id":"","verified":false,"country":"India","id":"1440669288340221956","replied_to_tweet_id":null,"replied_to_user_id":null,"reply_text":"","tweet_text":"RT @NaazEmotion: Naa ghabraana tu jahan main wahan.. \nTo kya hua gar na dikhayi doon yahan.. \n\nHar waqt saath saath he hain hum tum\nNa hona\u2026","tweet_lang":"hi","text_hi":"RT  Naa ghabraana tu jahan main wahan \nTo kya hua gar na dikhayi doon yahan \n\nHar waqt saath saath he hain hum tum\nNa hona\u2026","hashtags":[],"mentions":["NaazEmotion"],"tweet_urls":[],"tweet_emoticons":[],"tweet_date":"2021-09-22T13:00:00","geolocation":null}
{"poi_name":"","poi_id":"","verified":false,"country":"India","id":"1440668300137033742","replied_to_tweet_id":null,"replied_to_user_id":null,"reply_text":"","tweet_text":"RT @NaazEmotion: Naa ghabraana tu jahan main wahan.. \nTo kya hua gar na dikhayi doon yahan.. \n\nHar waqt saath saath he hain hum tum\nNa hona\u2026","tweet_lang":"hi","text_hi":"RT  Naa ghabraana tu jahan main wahan \nTo kya hua gar na dikhayi doon yahan \n\nHar waqt saath saath he hain hum tum\nNa hona\u2026","hashtags":[],"mentions":["NaazEmotion"],"tweet_urls":[],"tweet_emoticons":[],"tweet_date":"2021-09-22T13:00:00","geolocation":null}
{"poi_name":"","poi_id":"","verified":false,"country":"India","id":"1440668105261273093","replied_to_tweet_id":null,"replied_to_user_id":null,"reply_text":"","tweet_text":"RT @NaazEmotion: Naa ghabraana tu jahan main wahan.. \nTo kya hua gar na dikhayi doon yahan.. \n\nHar waqt saath saath he hain hum tum\nNa hona\u2026","tweet_lang":"hi","text_hi":"RT  Naa ghabraana tu jahan main wahan \nTo kya hua gar na dikhayi doon yahan \n\nHar waqt saath saath he hain hum tum\nNa hona\u2026","hashtags":[],"mentions":["NaazEmotion"],"tweet_urls":[],"tweet_emoticons":[],"tweet_date":"2021-09-22T13:00:00","geolocation":null}
{"poi_name":"","poi_id":"","verified":false,"country":"India","id":"1440667863342202880","replied_to_tweet_id":null,"replied_to_user_id":null,"reply_text":"","tweet_text":"RT @NaazEmotion: Naa ghabraana tu jahan main wahan.. \nTo kya hua gar na dikhayi doon yahan.. \n\nHar waqt saath saath he hain hum tum\nNa hona\u2026","tweet_lang":"hi","text_hi":"RT  Naa ghabraana tu jahan main wahan \nTo kya hua gar na dikhayi doon yahan \n\nHar waqt saath saath he hain hum tum\nNa hona\u2026","hashtags":[],"mentions":["NaazEmotion"],"tweet_urls":[],"tweet_emoticons":[],"tweet_date":"2021-09-22T13:00:00","geolocation":null}
{"poi_name":"","poi_id":"","verified":false,"country":"India","id":"1440667563160047623","replied_to_tweet_id":null,"replied_to_user_id":null,"reply_text":"","tweet_text":"RT @NaazEmotion: Naa ghabraana tu jahan main wahan.. \nTo kya hua gar na dikhayi doon yahan.. \n\nHar waqt saath saath he hain hum tum\nNa hona\u2026","tweet_lang":"hi","text_hi":"RT  Naa ghabraana tu jahan main wahan \nTo kya hua gar na dikhayi doon yahan \n\nHar waqt saath saath he hain hum tum\nNa hona\u2026","hashtags":[],"mentions":["NaazEmotion"],"tweet_urls":[],"tweet_emoticons":[],"tweet_date":"2021-09-22T13:00:00","geolocation":null}
{"poi_name":"","poi_id":"","verified":false,"country":"India","id":"1440667393764708363","replied_to_tweet_id":null,"replied_to_user_id":null,"reply_text":"","tweet_text":"RT @NaazEmotion: Naa ghabraana tu jahan main wahan.. \nTo kya hua gar na dikhayi doon yahan.. \n\nHar waqt saath saath he hain hum tum\nNa hona\u2026","tweet_lang":"hi","text_hi":"RT  Naa ghabraana tu jahan main wahan \nTo kya hua gar na dikhayi doon yahan \n\nHar waqt saath saath he hain hum tum\nNa hona\u2026","hashtags":[],"mentions":["NaazEmotion"],"tweet_urls":[],"tweet_emoticons":[],"tweet_date":"2021-09-22T13:00:00","geolocation":null}
{"poi_name":"","poi_id":"","verified":false,"country":"India","id":"1440612901136470020","replied_to_tweet_id":null,"replied_to_user_id":null,"reply_text":"","tweet_text":"RT @Pardessi_Ali: KAASH Dr yeh app kay hospital main a jaye, is ko wo ghooray wala teeka lagana wo be seeda is kay toway pay.","tweet_lang":"hi","text_hi":"RT  KAASH Dr yeh app kay hospital main a jaye is ko wo ghooray wala teeka lagana wo be seeda is kay toway pay","hashtags":[],"mentions":["Pardessi_Ali"],"tweet_urls":[],"tweet_emoticons":[],"tweet_date":"2021-09-22T10:00:00","geolocation":null}
{"poi_name":"","poi_id":"","verified":false,"country":"India","id":"1440608719687933954","replied_to_tweet_id":null,"replied_to_user_id":null,"reply_text":"","tweet_text":"RT @Pardessi_Ali: KAASH Dr yeh app kay hospital main a jaye, is ko wo ghooray wala teeka lagana wo be seeda is kay toway pay.","tweet_lang":"hi","text_hi":"RT  KAASH Dr yeh app kay hospital main a jaye is ko wo ghooray wala teeka lagana wo be seeda is kay toway pay","hashtags":[],"mentions":["Pardessi_Ali"],"tweet_urls":[],"tweet_emoticons":[],"tweet_date":"2021-09-22T09:00:00","geolocation":null}
{"poi_name":"","poi_id":"","verified":false,"country":"India","id":"1440599268696330245","replied_to_tweet_id":null,"replied_to_user_id":null,"reply_text":"","tweet_text":"RT @NaazEmotion: Nonna Bachcha mera\nKullu....\nGande Bachche....\nBebu.....\n\nMuch love and Still Kaala Teeka For\n#SidharthShukla \n#ShehnaazGi\u2026","tweet_lang":"hi","text_hi":"RT  Nonna Bachcha mera\nKullu\nGande Bachche\nBebu\n\nMuch love and Still Kaala Teeka For\n \nShehnaazGi\u2026","hashtags":["SidharthShukla"],"mentions":["NaazEmotion"],"tweet_urls":[],"tweet_emoticons":[],"tweet_date":"2021-09-22T09:00:00","geolocation":null}
{"poi_name":"","poi_id":"","verified":false,"country":"India","id":"1440572486647648267","replied_to_tweet_id":null,"replied_to_user_id":null,"reply_text":"","tweet_text":"RT @NaazEmotion: Nonna Bachcha mera\nKullu....\nGande Bachche....\nBebu.....\n\nMuch love and Still Kaala Teeka For\n#SidharthShukla \n#ShehnaazGi\u2026","tweet_lang":"hi","text_hi":"RT  Nonna Bachcha mera\nKullu\nGande Bachche\nBebu\n\nMuch love and Still Kaala Teeka For\n \nShehnaazGi\u2026","hashtags":["SidharthShukla"],"mentions":["NaazEmotion"],"tweet_urls":[],"tweet_emoticons":[],"tweet_date":"2021-09-22T07:00:00","geolocation":null}
{"poi_name":"","poi_id":"","verified":false,"country":"India","id":"1440433743269752839","replied_to_tweet_id":null,"replied_to_user_id":null,"reply_text":"","tweet_text":"RT @makhdoom_asad33: Yay waqt naizi par anay wala hay \nJab isko teeka lagay ga iski corruption par https:\/\/t.co\/eKUBb7LVRC","tweet_lang":"hi","text_hi":"RT  Yay waqt naizi par anay wala hay \nJab isko teeka lagay ga iski corruption par httpstcoeKUBb7LVRC","hashtags":[],"mentions":["makhdoom_asad33"],"tweet_urls":[],"tweet_emoticons":[],"tweet_date":"2021-09-21T22:00:00","geolocation":null}
{"poi_name":"","poi_id":"","verified":false,"country":"India","id":"1440285623215026181","replied_to_tweet_id":null,"replied_to_user_id":null,"reply_text":"","tweet_text":"RT @tinkerbell9958: Chai bolo chaiiiiiiii\nTeeka bolo Teekaaaaaa \ud83d\ude02\u2728\u26a1\ufe0f https:\/\/t.co\/G2bVISC8ms","tweet_lang":"hi","text_hi":"RT  Chai bolo chaiiiiiiii\nTeeka bolo Teekaaaaaa \ufe0f httpstcoG2bVISC8ms","hashtags":[],"mentions":["tinkerbell9958"],"tweet_urls":[],"tweet_emoticons":["\u26a1","\u2728","\ud83d\ude02"],"tweet_date":"2021-09-21T12:00:00","geolocation":null}
{"poi_name":"","poi_id":"","verified":false,"country":"India","id":"1440283905492275205","replied_to_tweet_id":null,"replied_to_user_id":null,"reply_text":"","tweet_text":"RT @tinkerbell9958: Chai bolo chaiiiiiiii\nTeeka bolo Teekaaaaaa \ud83d\ude02\u2728\u26a1\ufe0f https:\/\/t.co\/G2bVISC8ms","tweet_lang":"hi","text_hi":"RT  Chai bolo chaiiiiiiii\nTeeka bolo Teekaaaaaa \ufe0f httpstcoG2bVISC8ms","hashtags":[],"mentions":["tinkerbell9958"],"tweet_urls":[],"tweet_emoticons":["\u26a1","\u2728","\ud83d\ude02"],"tweet_date":"2021-09-21T12:00:00","geolocation":null}
{"poi_name":"","poi_id":"","verified":false,"country":"India","id":"1440183766383673351","replied_to_tweet_id":null,"replied_to_user_id":null,"reply_text":"","tweet_text":"RT @tinkerbell9958: Chai bolo chaiiiiiiii\nTeeka bolo Teekaaaaaa \ud83d\ude02\u2728\u26a1\ufe0f https:\/\/t.co\/G2bVISC8ms","tweet_lang":"hi","text_hi":"RT  Chai bolo chaiiiiiiii\nTeeka bolo Teekaaaaaa \ufe0f httpstcoG2bVISC8ms","hashtags":[],"mentions":["tinkerbell9958"],"tweet_urls":[],"tweet_emoticons":["\u26a1","\u2728","\ud83d\ude02"],"tweet_date":"2021-09-21T05:00:00","geolocation":null}
{"poi_name":"","poi_id":"","verified":false,"country":"India","id":"1440181879341142021","replied_to_tweet_id":null,"replied_to_user_id":null,"reply_text":"","tweet_text":"RT @tinkerbell9958: Chai bolo chaiiiiiiii\nTeeka bolo Teekaaaaaa \ud83d\ude02\u2728\u26a1\ufe0f https:\/\/t.co\/G2bVISC8ms","tweet_lang":"hi","text_hi":"RT  Chai bolo chaiiiiiiii\nTeeka bolo Teekaaaaaa \ufe0f httpstcoG2bVISC8ms","hashtags":[],"mentions":["tinkerbell9958"],"tweet_urls":[],"tweet_emoticons":["\u26a1","\u2728","\ud83d\ude02"],"tweet_date":"2021-09-21T05:00:00","geolocation":null}
{"poi_name":"","poi_id":"","verified":false,"country":"India","id":"1440180088406900740","replied_to_tweet_id":null,"replied_to_user_id":null,"reply_text":"","tweet_text":"RT @tinkerbell9958: Chai bolo chaiiiiiiii\nTeeka bolo Teekaaaaaa \ud83d\ude02\u2728\u26a1\ufe0f https:\/\/t.co\/G2bVISC8ms","tweet_lang":"hi","text_hi":"RT  Chai bolo chaiiiiiiii\nTeeka bolo Teekaaaaaa \ufe0f httpstcoG2bVISC8ms","hashtags":[],"mentions":["tinkerbell9958"],"tweet_urls":[],"tweet_emoticons":["\u26a1","\u2728","\ud83d\ude02"],"tweet_date":"2021-09-21T05:00:00","geolocation":null}
{"poi_name":"","poi_id":"","verified":false,"country":"India","id":"1440074574436003851","replied_to_tweet_id":null,"replied_to_user_id":null,"reply_text":"","tweet_text":"RT @NaazEmotion: Chaand mera dil... Chaandni ho tum. \nChaand se hai duur.. Chaandni kahan? \nLaut ke aana.. Hai yahin tumko..\nJa rahe ho duu\u2026","tweet_lang":"hi","text_hi":"RT  Chaand mera dil Chaandni ho tum \nChaand se hai duur Chaandni kahan \nLaut ke aana Hai yahin tumko\nJa rahe ho duu\u2026","hashtags":[],"mentions":["NaazEmotion"],"tweet_urls":[],"tweet_emoticons":[],"tweet_date":"2021-09-20T22:00:00","geolocation":null}
{"poi_name":"","poi_id":"","verified":false,"country":"India","id":"1440025853895708674","replied_to_tweet_id":null,"replied_to_user_id":null,"reply_text":"","tweet_text":"RT @NaazEmotion: Chaand mera dil... Chaandni ho tum. \nChaand se hai duur.. Chaandni kahan? \nLaut ke aana.. Hai yahin tumko..\nJa rahe ho duu\u2026","tweet_lang":"hi","text_hi":"RT  Chaand mera dil Chaandni ho tum \nChaand se hai duur Chaandni kahan \nLaut ke aana Hai yahin tumko\nJa rahe ho duu\u2026","hashtags":[],"mentions":["NaazEmotion"],"tweet_urls":[],"tweet_emoticons":[],"tweet_date":"2021-09-20T19:00:00","geolocation":null}
{"poi_name":"","poi_id":"","verified":false,"country":"India","id":"1440009842580545538","replied_to_tweet_id":null,"replied_to_user_id":null,"reply_text":"","tweet_text":"RT @NaazEmotion: Chaand mera dil... Chaandni ho tum. \nChaand se hai duur.. Chaandni kahan? \nLaut ke aana.. Hai yahin tumko..\nJa rahe ho duu\u2026","tweet_lang":"hi","text_hi":"RT  Chaand mera dil Chaandni ho tum \nChaand se hai duur Chaandni kahan \nLaut ke aana Hai yahin tumko\nJa rahe ho duu\u2026","hashtags":[],"mentions":["NaazEmotion"],"tweet_urls":[],"tweet_emoticons":[],"tweet_date":"2021-09-20T18:00:00","geolocation":null}
{"poi_name":"","poi_id":"","verified":false,"country":"India","id":"1440009413742366720","replied_to_tweet_id":null,"replied_to_user_id":null,"reply_text":"","tweet_text":"RT @NaazEmotion: Chaand mera dil... Chaandni ho tum. \nChaand se hai duur.. Chaandni kahan? \nLaut ke aana.. Hai yahin tumko..\nJa rahe ho duu\u2026","tweet_lang":"hi","text_hi":"RT  Chaand mera dil Chaandni ho tum \nChaand se hai duur Chaandni kahan \nLaut ke aana Hai yahin tumko\nJa rahe ho duu\u2026","hashtags":[],"mentions":["NaazEmotion"],"tweet_urls":[],"tweet_emoticons":[],"tweet_date":"2021-09-20T18:00:00","geolocation":null}
{"poi_name":"","poi_id":"","verified":false,"country":"India","id":"1440004314030907400","replied_to_tweet_id":null,"replied_to_user_id":null,"reply_text":"","tweet_text":"RT @NaazEmotion: Chaand mera dil... Chaandni ho tum. \nChaand se hai duur.. Chaandni kahan? \nLaut ke aana.. Hai yahin tumko..\nJa rahe ho duu\u2026","tweet_lang":"hi","text_hi":"RT  Chaand mera dil Chaandni ho tum \nChaand se hai duur Chaandni kahan \nLaut ke aana Hai yahin tumko\nJa rahe ho duu\u2026","hashtags":[],"mentions":["NaazEmotion"],"tweet_urls":[],"tweet_emoticons":[],"tweet_date":"2021-09-20T17:00:00","geolocation":null}
{"poi_name":"","poi_id":"","verified":false,"country":"India","id":"1440003966100639744","replied_to_tweet_id":null,"replied_to_user_id":null,"reply_text":"","tweet_text":"RT @NaazEmotion: Chaand mera dil... Chaandni ho tum. \nChaand se hai duur.. Chaandni kahan? \nLaut ke aana.. Hai yahin tumko..\nJa rahe ho duu\u2026","tweet_lang":"hi","text_hi":"RT  Chaand mera dil Chaandni ho tum \nChaand se hai duur Chaandni kahan \nLaut ke aana Hai yahin tumko\nJa rahe ho duu\u2026","hashtags":[],"mentions":["NaazEmotion"],"tweet_urls":[],"tweet_emoticons":[],"tweet_date":"2021-09-20T17:00:00","geolocation":null}
{"poi_name":"","poi_id":"","verified":false,"country":"India","id":"1440002020115718146","replied_to_tweet_id":null,"replied_to_user_id":null,"reply_text":"","tweet_text":"RT @tinkerbell9958: Chai bolo chaiiiiiiii\nTeeka bolo Teekaaaaaa \ud83d\ude02\u2728\u26a1\ufe0f https:\/\/t.co\/G2bVISC8ms","tweet_lang":"hi","text_hi":"RT  Chai bolo chaiiiiiiii\nTeeka bolo Teekaaaaaa \ufe0f httpstcoG2bVISC8ms","hashtags":[],"mentions":["tinkerbell9958"],"tweet_urls":[],"tweet_emoticons":["\u26a1","\u2728","\ud83d\ude02"],"tweet_date":"2021-09-20T17:00:00","geolocation":null}
{"poi_name":"","poi_id":"","verified":false,"country":"India","id":"1439997019725221889","replied_to_tweet_id":null,"replied_to_user_id":null,"reply_text":"","tweet_text":"RT @NaazEmotion: Chhoti chhoti baatein.. \nBana gayi badi badi yaadein.. \n\nSidharth tere phool ugg aaya.. \nHai uski Sana uski humsaaya...\n\nM\u2026","tweet_lang":"hi","text_hi":"RT  Chhoti chhoti baatein \nBana gayi badi badi yaadein \n\nSidharth tere phool ugg aaya \nHai uski Sana uski humsaaya\n\nM\u2026","hashtags":[],"mentions":["NaazEmotion"],"tweet_urls":[],"tweet_emoticons":[],"tweet_date":"2021-09-20T17:00:00","geolocation":null}
{"poi_name":"","poi_id":"","verified":false,"country":"India","id":"1439996871708012549","replied_to_tweet_id":null,"replied_to_user_id":null,"reply_text":"","tweet_text":"RT @NaazEmotion: Chhoti chhoti baatein.. \nBana gayi badi badi yaadein.. \n\nSidharth tere phool ugg aaya.. \nHai uski Sana uski humsaaya...\n\nM\u2026","tweet_lang":"hi","text_hi":"RT  Chhoti chhoti baatein \nBana gayi badi badi yaadein \n\nSidharth tere phool ugg aaya \nHai uski Sana uski humsaaya\n\nM\u2026","hashtags":[],"mentions":["NaazEmotion"],"tweet_urls":[],"tweet_emoticons":[],"tweet_date":"2021-09-20T17:00:00","geolocation":null}
{"poi_name":"","poi_id":"","verified":false,"country":"India","id":"1439993804862464003","replied_to_tweet_id":null,"replied_to_user_id":null,"reply_text":"","tweet_text":"RT @NaazEmotion: Chhoti chhoti baatein.. \nBana gayi badi badi yaadein.. \n\nSidharth tere phool ugg aaya.. \nHai uski Sana uski humsaaya...\n\nM\u2026","tweet_lang":"hi","text_hi":"RT  Chhoti chhoti baatein \nBana gayi badi badi yaadein \n\nSidharth tere phool ugg aaya \nHai uski Sana uski humsaaya\n\nM\u2026","hashtags":[],"mentions":["NaazEmotion"],"tweet_urls":[],"tweet_emoticons":[],"tweet_date":"2021-09-20T17:00:00","geolocation":null}
{"poi_name":"","poi_id":"","verified":false,"country":"India","id":"1439988337847123978","replied_to_tweet_id":null,"replied_to_user_id":null,"reply_text":"","tweet_text":"RT @NaazEmotion: Chhoti chhoti baatein.. \nBana gayi badi badi yaadein.. \n\nSidharth tere phool ugg aaya.. \nHai uski Sana uski humsaaya...\n\nM\u2026","tweet_lang":"hi","text_hi":"RT  Chhoti chhoti baatein \nBana gayi badi badi yaadein \n\nSidharth tere phool ugg aaya \nHai uski Sana uski humsaaya\n\nM\u2026","hashtags":[],"mentions":["NaazEmotion"],"tweet_urls":[],"tweet_emoticons":[],"tweet_date":"2021-09-20T16:00:00","geolocation":null}
{"poi_name":"","poi_id":"","verified":false,"country":"India","id":"1439982629143539714","replied_to_tweet_id":null,"replied_to_user_id":null,"reply_text":"","tweet_text":"RT @tinkerbell9958: Chai bolo chaiiiiiiii\nTeeka bolo Teekaaaaaa \ud83d\ude02\u2728\u26a1\ufe0f https:\/\/t.co\/G2bVISC8ms","tweet_lang":"hi","text_hi":"RT  Chai bolo chaiiiiiiii\nTeeka bolo Teekaaaaaa \ufe0f httpstcoG2bVISC8ms","hashtags":[],"mentions":["tinkerbell9958"],"tweet_urls":[],"tweet_emoticons":["\u26a1","\u2728","\ud83d\ude02"],"tweet_date":"2021-09-20T16:00:00","geolocation":null}
{"poi_name":"","poi_id":"","verified":false,"country":"India","id":"1439913996845346817","replied_to_tweet_id":null,"replied_to_user_id":null,"reply_text":"","tweet_text":"RT @tinkerbell9958: Chai bolo chaiiiiiiii\nTeeka bolo Teekaaaaaa \ud83d\ude02\u2728\u26a1\ufe0f https:\/\/t.co\/G2bVISC8ms","tweet_lang":"hi","text_hi":"RT  Chai bolo chaiiiiiiii\nTeeka bolo Teekaaaaaa \ufe0f httpstcoG2bVISC8ms","hashtags":[],"mentions":["tinkerbell9958"],"tweet_urls":[],"tweet_emoticons":["\u26a1","\u2728","\ud83d\ude02"],"tweet_date":"2021-09-20T11:00:00","geolocation":null}
{"poi_name":"","poi_id":"","verified":false,"country":"India","id":"1439884062936555521","replied_to_tweet_id":null,"replied_to_user_id":null,"reply_text":"","tweet_text":"RT @ScholasticaAnu1: Kaatun Kaise Raatan Oh Saaawre? \nJiya Nahi Jaata Sunn Baawre? \n\nThese lines and them\ud83e\udd7a\ud83d\udc98\ud83e\uddff\nKaala teeka applied fl\ud83d\udc98\ud83e\uddff\ud83e\uddff\ud83e\uddff\n#Ja\u2026","tweet_lang":"hi","text_hi":"RT  Kaatun Kaise Raatan Oh Saaawre \nJiya Nahi Jaata Sunn Baawre \n\nThese lines and them\nKaala teeka applied fl\nJa\u2026","hashtags":[],"mentions":["ScholasticaAnu1"],"tweet_urls":[],"tweet_emoticons":["\ud83e\uddff","\ud83e\udd7a","\ud83d\udc98"],"tweet_date":"2021-09-20T09:00:00","geolocation":null}
{"poi_name":"","poi_id":"","verified":false,"country":"India","id":"1439870699766640646","replied_to_tweet_id":null,"replied_to_user_id":null,"reply_text":"","tweet_text":"RT @tinkerbell9958: Chai bolo chaiiiiiiii\nTeeka bolo Teekaaaaaa \ud83d\ude02\u2728\u26a1\ufe0f https:\/\/t.co\/G2bVISC8ms","tweet_lang":"hi","text_hi":"RT  Chai bolo chaiiiiiiii\nTeeka bolo Teekaaaaaa \ufe0f httpstcoG2bVISC8ms","hashtags":[],"mentions":["tinkerbell9958"],"tweet_urls":[],"tweet_emoticons":["\u26a1","\u2728","\ud83d\ude02"],"tweet_date":"2021-09-20T09:00:00","geolocation":null}
{"poi_name":"","poi_id":"","verified":false,"country":"India","id":"1439858899587198978","replied_to_tweet_id":null,"replied_to_user_id":null,"reply_text":"","tweet_text":"RT @tinkerbell9958: Chai bolo chaiiiiiiii\nTeeka bolo Teekaaaaaa \ud83d\ude02\u2728\u26a1\ufe0f https:\/\/t.co\/G2bVISC8ms","tweet_lang":"hi","text_hi":"RT  Chai bolo chaiiiiiiii\nTeeka bolo Teekaaaaaa \ufe0f httpstcoG2bVISC8ms","hashtags":[],"mentions":["tinkerbell9958"],"tweet_urls":[],"tweet_emoticons":["\u26a1","\u2728","\ud83d\ude02"],"tweet_date":"2021-09-20T08:00:00","geolocation":null}
{"poi_name":"","poi_id":"","verified":false,"country":"India","id":"1439845206799491074","replied_to_tweet_id":null,"replied_to_user_id":null,"reply_text":"","tweet_text":"RT @tinkerbell9958: Chai bolo chaiiiiiiii\nTeeka bolo Teekaaaaaa \ud83d\ude02\u2728\u26a1\ufe0f https:\/\/t.co\/G2bVISC8ms","tweet_lang":"hi","text_hi":"RT  Chai bolo chaiiiiiiii\nTeeka bolo Teekaaaaaa \ufe0f httpstcoG2bVISC8ms","hashtags":[],"mentions":["tinkerbell9958"],"tweet_urls":[],"tweet_emoticons":["\u26a1","\u2728","\ud83d\ude02"],"tweet_date":"2021-09-20T07:00:00","geolocation":null}
