{"poi_name":"","poi_id":"","verified":false,"country":"Mexico","id":"1440802071549071363","replied_to_tweet_id":null,"replied_to_user_id":null,"reply_text":"","tweet_text":"El Ministerio de Sanidad @sanidadgob cosechando \u00e9xitos.\nYa no enga\u00f1an a nadie.\n\n#YoMeVacunoSeguro (y una mierda)\n\nhttps:\/\/t.co\/BqYNRyMVZi https:\/\/t.co\/UOuhLHQLqi","tweet_lang":"es","text_es":"El Ministerio de Sanidad  cosechando \u00e9xitos\nYa no enga\u00f1an a nadie\n\n y una mierda\n\n httpstcoUOuhLHQLqi","hashtags":["YoMeVacunoSeguro"],"mentions":["sanidadgob"],"tweet_urls":["https:\/\/t.co\/BqYNRyMVZi"],"tweet_emoticons":[],"tweet_date":"2021-09-22T22:00:00","geolocation":null}
{"poi_name":"","poi_id":"","verified":false,"country":"Mexico","id":"1440754725272494082","replied_to_tweet_id":null,"replied_to_user_id":null,"reply_text":"","tweet_text":"\ud83d\udd35Actualizaci\u00f3n del informe de actividad de #vacunaci\u00f3n en Espa\u00f1a: https:\/\/t.co\/SBTMEsIIVg\n\n\ud83d\udda5Cuadro de mando: https:\/\/t.co\/gTix5ULHmu\n\n\ud83d\udddeM\u00e1s informaci\u00f3n en: \nhttps:\/\/t.co\/SamU2OFjna\n\n#YoMeVacunoSeguro https:\/\/t.co\/asMTmAozY9","tweet_lang":"es","text_es":"Actualizaci\u00f3n del informe de actividad de  en Espa\u00f1a \n\nCuadro de mando \n\nM\u00e1s informaci\u00f3n en \n\n\n httpstcoasMTmAozY9","hashtags":["vacunaci\u00f3n","YoMeVacunoSeguro"],"mentions":[],"tweet_urls":["https:\/\/t.co\/SBTMEsIIVg","https:\/\/t.co\/gTix5ULHmu","https:\/\/t.co\/SamU2OFjna"],"tweet_emoticons":["\ud83d\udd35","\ud83d\udda5","\ud83d\uddde"],"tweet_date":"2021-09-22T19:00:00","geolocation":null}
{"poi_name":"","poi_id":"","verified":false,"country":"Mexico","id":"1440754667743440897","replied_to_tweet_id":null,"replied_to_user_id":null,"reply_text":"","tweet_text":"\ud83d\udce3Actualizaci\u00f3n de datos de #COVID19\nhttps:\/\/t.co\/eKmTFPNZhB\n\n \ud83d\ude37Infograf\u00edas y otros materiales sobre el coronavirus:\nhttps:\/\/t.co\/OzmPz61yZ0\n\n\u00a1Prot\u00e9gete y protege a los dem\u00e1s!\n\n#YoMeVacunoSeguro https:\/\/t.co\/K7mT4PVtLc","tweet_lang":"es","text_es":"Actualizaci\u00f3n de datos de \n\n\n Infograf\u00edas y otros materiales sobre el coronavirus\n\n\n\u00a1Prot\u00e9gete y protege a los dem\u00e1s\n\n httpstcoK7mT4PVtLc","hashtags":["COVID19","YoMeVacunoSeguro"],"mentions":[],"tweet_urls":["https:\/\/t.co\/eKmTFPNZhB","https:\/\/t.co\/OzmPz61yZ0"],"tweet_emoticons":["\ud83d\ude37","\ud83d\udce3"],"tweet_date":"2021-09-22T19:00:00","geolocation":null}
{"poi_name":"","poi_id":"","verified":true,"country":"Mexico","id":"1440741434508800002","replied_to_tweet_id":null,"replied_to_user_id":null,"reply_text":"","tweet_text":"\ud83d\udcfa@CarolinaDarias \u27a1\ufe0f En nuestro pa\u00eds, 4 de cada 5 personas ha recibido, al menos, una dosis de #VacunaCOVID19 \n\n\u25b6\ufe0f El 76,3% de la poblaci\u00f3n est\u00e1 completamente vacunada.  \n\n#YoMeVacunoSeguro https:\/\/t.co\/6ImYsVq619","tweet_lang":"es","text_es":" \u27a1\ufe0f En nuestro pa\u00eds 4 de cada 5 personas ha recibido al menos una dosis de  \n\n\u25b6\ufe0f El 763 de la poblaci\u00f3n est\u00e1 completamente vacunada  \n\n httpstco6ImYsVq619","hashtags":["VacunaCOVID19","YoMeVacunoSeguro"],"mentions":["CarolinaDarias"],"tweet_urls":[],"tweet_emoticons":["\u27a1\ufe0f","\ud83d\udcfa","\u25b6\ufe0f"],"tweet_date":"2021-09-22T18:00:00","geolocation":null}
{"poi_name":"","poi_id":"","verified":true,"country":"Mexico","id":"1440739292213510144","replied_to_tweet_id":null,"replied_to_user_id":null,"reply_text":"","tweet_text":"\ud83d\udcfa @CarolinaDarias \u27a1\ufe0f Espa\u00f1a va a incrementar su compromiso con la vacunaci\u00f3n solidaria llegando hasta los 30 millones de dosis. \n\n\u25b6\ufe0f Nuestro pa\u00eds habilitar\u00e1 nuevas partidas con dosis para Latinoam\u00e9rica y \u00c1frica, tal y como ha anunciado el PG @sanchezcastejon \n\n#YoMeVacunoSeguro https:\/\/t.co\/BtYq7Sxwup","tweet_lang":"es","text_es":"  \u27a1\ufe0f Espa\u00f1a va a incrementar su compromiso con la vacunaci\u00f3n solidaria llegando hasta los 30 millones de dosis \n\n\u25b6\ufe0f Nuestro pa\u00eds habilitar\u00e1 nuevas partidas con dosis para Latinoam\u00e9rica y \u00c1frica tal y como ha anunciado el PG  \n\n httpstcoBtYq7Sxwup","hashtags":["YoMeVacunoSeguro"],"mentions":["CarolinaDarias","sanchezcastejon"],"tweet_urls":[],"tweet_emoticons":["\u27a1\ufe0f","\ud83d\udcfa","\u25b6\ufe0f"],"tweet_date":"2021-09-22T18:00:00","geolocation":null}
{"poi_name":"","poi_id":"","verified":false,"country":"Mexico","id":"1440737668619374595","replied_to_tweet_id":1.440737667e+18,"replied_to_user_id":1.382693845e+18,"reply_text":"","tweet_text":"\ud83d\udce6 Dosis entregadas: 75.394.611 (=)\n\ud83d\udc89 Dosis administradas: 69.549.078 (+122.031)\n1\u20e3 Personas con una dosis: 37.508.658 (+36.503) (79,14%)\n\ud83d\udee1 Personas vacunadas completamente: 36.184.677 (+98.323)\n\n#LaRectaFinal #YoMeVacuno #YoMeVacunoSeguro #COVID19","tweet_lang":"es","text_es":" Dosis entregadas 75394611 \n Dosis administradas 69549078 122031\n1\u20e3 Personas con una dosis 37508658 36503 7914\n Personas vacunadas completamente 36184677 98323\n\n  Seguro ","hashtags":["LaRectaFinal","YoMeVacuno","YoMeVacunoSeguro","COVID19"],"mentions":[],"tweet_urls":[],"tweet_emoticons":["\ud83d\udee1","\ud83d\udc89","1\u20e3","\ud83d\udce6","=)"],"tweet_date":"2021-09-22T18:00:00","geolocation":null}
{"poi_name":"","poi_id":"","verified":false,"country":"Mexico","id":"1440736434151776257","replied_to_tweet_id":null,"replied_to_user_id":null,"reply_text":"","tweet_text":"Olv\u00eddense de chamanes. Acudan a la ciencia y la raz\u00f3n #YoMeVacunoSeguro https:\/\/t.co\/UBTn1GON0r","tweet_lang":"es","text_es":"Olv\u00eddense de chamanes Acudan a la ciencia y la raz\u00f3n  ","hashtags":["YoMeVacunoSeguro"],"mentions":[],"tweet_urls":["https:\/\/t.co\/UBTn1GON0r"],"tweet_emoticons":[],"tweet_date":"2021-09-22T18:00:00","geolocation":null}
{"poi_name":"","poi_id":"","verified":true,"country":"Mexico","id":"1440736054915465218","replied_to_tweet_id":null,"replied_to_user_id":null,"reply_text":"","tweet_text":"\u00bfOs pondr\u00edais una tercera o cuarta dosis, o la que sea, si las autoridades lo recomiendan?\n\n#VacunaCOVID19 #vacuna #YoMeVacunoSeguro","tweet_lang":"es","text_es":"\u00bfOs pondr\u00edais una tercera o cuarta dosis o la que sea si las autoridades lo recomiendan\n\n  ","hashtags":["VacunaCOVID19","vacuna","YoMeVacunoSeguro"],"mentions":[],"tweet_urls":[],"tweet_emoticons":[],"tweet_date":"2021-09-22T18:00:00","geolocation":null}
{"poi_name":"","poi_id":"","verified":true,"country":"Mexico","id":"1440714169469132804","replied_to_tweet_id":null,"replied_to_user_id":null,"reply_text":"","tweet_text":"\ud83d\udd35Actualizaci\u00f3n del informe de actividad de #vacunaci\u00f3n en Espa\u00f1a: https:\/\/t.co\/3iNnCrlLHl\n\n\ud83d\udda5Cuadro de mando: https:\/\/t.co\/5A1HCFJlyy\n\n\ud83d\udddeM\u00e1s informaci\u00f3n en: https:\/\/t.co\/eKs5AnzlHO\n\n#YoMeVacunoSeguro https:\/\/t.co\/8qkKGBtt6N","tweet_lang":"es","text_es":"Actualizaci\u00f3n del informe de actividad de  en Espa\u00f1a \n\nCuadro de mando \n\nM\u00e1s informaci\u00f3n en \n\n httpstco8qkKGBtt6N","hashtags":["vacunaci\u00f3n","YoMeVacunoSeguro"],"mentions":[],"tweet_urls":["https:\/\/t.co\/3iNnCrlLHl","https:\/\/t.co\/5A1HCFJlyy","https:\/\/t.co\/eKs5AnzlHO"],"tweet_emoticons":["\ud83d\udd35","\ud83d\udda5","\ud83d\uddde"],"tweet_date":"2021-09-22T16:00:00","geolocation":null}
{"poi_name":"","poi_id":"","verified":true,"country":"Mexico","id":"1440713785002496000","replied_to_tweet_id":null,"replied_to_user_id":null,"reply_text":"","tweet_text":"\ud83d\udce3Actualizaci\u00f3n de datos de #COVID19\nhttps:\/\/t.co\/I6pynLYetk\n\n \ud83d\ude37Infograf\u00edas y otros materiales sobre el coronavirus:\nhttps:\/\/t.co\/kyYeapVcUl\n\n\u00a1Prot\u00e9gete y protege a los dem\u00e1s!\n\n#YoMeVacunoSeguro https:\/\/t.co\/6foFmrgR0S","tweet_lang":"es","text_es":"Actualizaci\u00f3n de datos de \n\n\n Infograf\u00edas y otros materiales sobre el coronavirus\n\n\n\u00a1Prot\u00e9gete y protege a los dem\u00e1s\n\n httpstco6foFmrgR0S","hashtags":["COVID19","YoMeVacunoSeguro"],"mentions":[],"tweet_urls":["https:\/\/t.co\/I6pynLYetk","https:\/\/t.co\/kyYeapVcUl"],"tweet_emoticons":["\ud83d\ude37","\ud83d\udce3"],"tweet_date":"2021-09-22T16:00:00","geolocation":null}
{"poi_name":"","poi_id":"","verified":false,"country":"Mexico","id":"1440663005415440386","replied_to_tweet_id":null,"replied_to_user_id":null,"reply_text":"","tweet_text":"#coronavirusHuesca Pacientes con covid-19 o en estudio \ud83c\udfe5San Jorge: 5 casos \ud83d\udcc83 \ud83c\udfe5Barbastro: 13 casos\ud83d\udcc81 \n  #EsteVirusLoParamosUnidos #AhoraTocaLucharJuntos #YoMeVacunoSeguro #YaQuedaMenos #elvirussigueaqui","tweet_lang":"es","text_es":" Pacientes con covid19 o en estudio San Jorge 5 casos 3 Barbastro 13 casos1 \n      ","hashtags":["coronavirusHuesca","EsteVirusLoParamosUnidos","AhoraTocaLucharJuntos","YoMeVacunoSeguro","YaQuedaMenos","elvirussigueaqui"],"mentions":[],"tweet_urls":[],"tweet_emoticons":["\ud83d\udcc8","\ud83c\udfe5"],"tweet_date":"2021-09-22T13:00:00","geolocation":null}
{"poi_name":"","poi_id":"","verified":false,"country":"Mexico","id":"1440662918937255943","replied_to_tweet_id":null,"replied_to_user_id":null,"reply_text":"","tweet_text":"#coronavirusTeruel Pacientes con Covid-19 o en estudio \ud83c\udfe5Obispo Polanco: 13 casos\ud83d\udcc84 \ud83c\udfe5Alca\u00f1iz: 4 casos #EsteVirusLoParamosUnidos #AhoraTocaLucharJuntos\u00a0\u00a0\u00a0\u00a0\u00a0\u00a0\u00a0\u00a0\u00a0 #YoMeVacunoSeguro #YaQuedaMenos #elvirussigueaqui","tweet_lang":"es","text_es":" Pacientes con Covid19 o en estudio Obispo Polanco 13 casos4 Alca\u00f1iz 4 casos  \u00a0\u00a0\u00a0\u00a0\u00a0\u00a0\u00a0\u00a0\u00a0   ","hashtags":["coronavirusTeruel","EsteVirusLoParamosUnidos","AhoraTocaLucharJuntos","YoMeVacunoSeguro","YaQuedaMenos","elvirussigueaqui"],"mentions":[],"tweet_urls":[],"tweet_emoticons":["\ud83d\udcc8","\ud83c\udfe5"],"tweet_date":"2021-09-22T13:00:00","geolocation":null}
{"poi_name":"","poi_id":"","verified":false,"country":"Mexico","id":"1440662805934329869","replied_to_tweet_id":1.440662804e+18,"replied_to_user_id":9.692821833e+17,"reply_text":"","tweet_text":"\ud83c\udfe5Nuestra se\u00f1ora del Pilar: 1 \ud83c\udfe5 Quiron: 3 caso\ud83d\udcc81 #estevirusloparamosunidos #ahoratocalucharjuntos #yaquedamenos #yomevacunoseguro #responsabilidad #elvirussigueaqui","tweet_lang":"es","text_es":"Nuestra se\u00f1ora del Pilar 1  Quiron 3 caso1      ","hashtags":["estevirusloparamosunidos","ahoratocalucharjuntos","yaquedamenos","yomevacunoseguro","responsabilidad","elvirussigueaqui"],"mentions":[],"tweet_urls":[],"tweet_emoticons":["\ud83d\udcc8","\ud83c\udfe5"],"tweet_date":"2021-09-22T13:00:00","geolocation":null}
{"poi_name":"","poi_id":"","verified":false,"country":"Mexico","id":"1440662635574300676","replied_to_tweet_id":null,"replied_to_user_id":null,"reply_text":"","tweet_text":"Para los pseudo #patriotas inoculados, #YoMeVacunoSeguro\n#DictaduraSanitaria https:\/\/t.co\/02cWz4aah2","tweet_lang":"es","text_es":"Para los pseudo  inoculados \n httpstco02cWz4aah2","hashtags":["patriotas","YoMeVacunoSeguro","DictaduraSanitaria"],"mentions":[],"tweet_urls":[],"tweet_emoticons":[],"tweet_date":"2021-09-22T13:00:00","geolocation":null}
{"poi_name":"","poi_id":"","verified":false,"country":"Mexico","id":"1440643889329700866","replied_to_tweet_id":null,"replied_to_user_id":null,"reply_text":"","tweet_text":"y si donde yo vivo no ponen vacunas y no puedo desplazarme a la provincia cojo y me jodo, aun siendo de riesgo y tener mas de 30 a\u00f1os #YoMeVacuno #YoMeVacunoSeguro  #Sanidad @AndaluciaJunta al final estando as\u00ed de mal organizado todo no me vacuno y muero antes aun siendo asm\u00e1tico","tweet_lang":"es","text_es":"y si donde yo vivo no ponen vacunas y no puedo desplazarme a la provincia cojo y me jodo aun siendo de riesgo y tener mas de 30 a\u00f1os  Seguro    al final estando as\u00ed de mal organizado todo no me vacuno y muero antes aun siendo asm\u00e1tico","hashtags":["YoMeVacuno","YoMeVacunoSeguro","Sanidad"],"mentions":["AndaluciaJunta"],"tweet_urls":[],"tweet_emoticons":[],"tweet_date":"2021-09-22T12:00:00","geolocation":null}
{"poi_name":"","poi_id":"","verified":false,"country":"Mexico","id":"1440640771162468365","replied_to_tweet_id":null,"replied_to_user_id":null,"reply_text":"","tweet_text":"\ud83d\udc89\ud83e\uddd1\u200d\ud83d\udd2c Hoy en Llamaquique punto de vacunaci\u00f3n sin cita previa dentro de la campa\u00f1a del @GobAsturias y @uniovi_info \n#YoMeVacunoSeguro \n\nhttps:\/\/t.co\/bI3mkU44Ur","tweet_lang":"es","text_es":"\ud83e\uddd1\u200d\ud83d\udd2c Hoy en Llamaquique punto de vacunaci\u00f3n sin cita previa dentro de la campa\u00f1a del  y  \n \n\n","hashtags":["YoMeVacunoSeguro"],"mentions":["GobAsturias","uniovi_info"],"tweet_urls":["https:\/\/t.co\/bI3mkU44Ur"],"tweet_emoticons":["\ud83d\udc89","\ud83e\uddd1\u200d\ud83d\udd2c"],"tweet_date":"2021-09-22T12:00:00","geolocation":null}
{"poi_name":"","poi_id":"","verified":false,"country":"Mexico","id":"1440630578949214212","replied_to_tweet_id":null,"replied_to_user_id":null,"reply_text":"","tweet_text":"\ud83d\udfe0\ud83d\udd34Datos actualizados COVID Navarra. \n@salud_na \n#YoMeVacunoSeguro https:\/\/t.co\/xsGC19pEdY","tweet_lang":"es","text_es":"Datos actualizados COVID Navarra \n \n httpstcoxsGC19pEdY","hashtags":["YoMeVacunoSeguro"],"mentions":["salud_na"],"tweet_urls":[],"tweet_emoticons":["\ud83d\udd34","\ud83d\udfe0"],"tweet_date":"2021-09-22T11:00:00","geolocation":null}
{"poi_name":"","poi_id":"","verified":false,"country":"Mexico","id":"1440589864857071622","replied_to_tweet_id":null,"replied_to_user_id":null,"reply_text":"","tweet_text":"\u00bfEl #YoMeVacunoSeguro no os suena ir\u00f3nico? \u00bfEse \"seguro\" no es un poco \"que s\u00ed, que s\u00ed\", un poco \"esp\u00e9rame que ma\u00f1ana voy\", un poco \"ya tal\"?","tweet_lang":"es","text_es":"\u00bfEl  no os suena ir\u00f3nico \u00bfEse seguro no es un poco que s\u00ed que s\u00ed un poco esp\u00e9rame que ma\u00f1ana voy un poco ya tal","hashtags":["YoMeVacunoSeguro"],"mentions":[],"tweet_urls":[],"tweet_emoticons":[],"tweet_date":"2021-09-22T08:00:00","geolocation":null}
{"poi_name":"","poi_id":"","verified":false,"country":"Mexico","id":"1440587158687936514","replied_to_tweet_id":null,"replied_to_user_id":null,"reply_text":"","tweet_text":"La campa\u00f1a itinerante de la #vacuguagua llega hoy al #CruceDeArinaga @SanidadGobCan #coronavirus #COVID19 #VacunaCOVID19 #YoMeVacuno #YoMeVacunoSeguro #Aguimes #Ag\u00fcimes https:\/\/t.co\/4pWVKkx5mW https:\/\/t.co\/frjAj6igkd","tweet_lang":"es","text_es":"La campa\u00f1a itinerante de la  llega hoy al     Vacuna  Seguro    httpstcofrjAj6igkd","hashtags":["vacuguagua","CruceDeArinaga","coronavirus","COVID19","VacunaCOVID19","YoMeVacuno","YoMeVacunoSeguro","Aguimes","Ag\u00fcimes"],"mentions":["SanidadGobCan"],"tweet_urls":["https:\/\/t.co\/4pWVKkx5mW"],"tweet_emoticons":[],"tweet_date":"2021-09-22T08:00:00","geolocation":null}
{"poi_name":"","poi_id":"","verified":true,"country":"Mexico","id":"1440581379310428160","replied_to_tweet_id":null,"replied_to_user_id":null,"reply_text":"","tweet_text":"\ud83d\udd34 \u00bfQu\u00e9 sabemos hasta ahora de la #VacunaCOVID19 y los cambios en la menstruaci\u00f3n?\n\nOlga Oc\u00f3n Hern\u00e1ndez nos lo cuenta en un nuevo\n\n#VocesExpertas \ud83d\udc47\n#YoMeVacunoSeguro\n\nhttps:\/\/t.co\/rSBBAFQPCB","tweet_lang":"es","text_es":" \u00bfQu\u00e9 sabemos hasta ahora de la  y los cambios en la menstruaci\u00f3n\n\nOlga Oc\u00f3n Hern\u00e1ndez nos lo cuenta en un nuevo\n\n \n\n\n","hashtags":["VacunaCOVID19","VocesExpertas","YoMeVacunoSeguro"],"mentions":[],"tweet_urls":["https:\/\/t.co\/rSBBAFQPCB"],"tweet_emoticons":["\ud83d\udd34","\ud83d\udc47","xp"],"tweet_date":"2021-09-22T08:00:00","geolocation":null}
{"poi_name":"","poi_id":"","verified":true,"country":"Mexico","id":"1440572319940943873","replied_to_tweet_id":null,"replied_to_user_id":null,"reply_text":"","tweet_text":"#YoMeVacunoSeguro | Plan de vacunaci\u00f3n previsto para hoy, mi\u00e9rcoles 22 de septiembre.\n\nM\u00e1s informaci\u00f3n: https:\/\/t.co\/9uyCHLZdsR https:\/\/t.co\/z2VKjI2tm0","tweet_lang":"es","text_es":"  Plan de vacunaci\u00f3n previsto para hoy mi\u00e9rcoles 22 de septiembre\n\nM\u00e1s informaci\u00f3n  httpstcoz2VKjI2tm0","hashtags":["YoMeVacunoSeguro"],"mentions":[],"tweet_urls":["https:\/\/t.co\/9uyCHLZdsR"],"tweet_emoticons":[],"tweet_date":"2021-09-22T07:00:00","geolocation":null}
{"poi_name":"","poi_id":"","verified":false,"country":"Mexico","id":"1440555632126349317","replied_to_tweet_id":null,"replied_to_user_id":null,"reply_text":"","tweet_text":"Se a\u00f1aden nuevos efectos secundarios de la vacuna de Janssen  \n#YoMeVacunoSeguro #VacunaCOVID19 \n#Vacunate \n#Janssen\nhttps:\/\/t.co\/71rYgmu9hv","tweet_lang":"es","text_es":"Se a\u00f1aden nuevos efectos secundarios de la vacuna de   \n  \n \n\n","hashtags":["YoMeVacunoSeguro","VacunaCOVID19","Vacunate","Janssen"],"mentions":[],"tweet_urls":["https:\/\/t.co\/71rYgmu9hv"],"tweet_emoticons":[],"tweet_date":"2021-09-22T06:00:00","geolocation":null}
{"poi_name":"","poi_id":"","verified":false,"country":"Mexico","id":"1440423437558681602","replied_to_tweet_id":null,"replied_to_user_id":null,"reply_text":"","tweet_text":"#YoMeVacunoSeguro\nCasi 86 de cada 100 Espa\u00f1oles en edad de ser vacunado, ya tiene las dos dosis. https:\/\/t.co\/NER4ArrrGA","tweet_lang":"es","text_es":"\nCasi 86 de cada 100 Espa\u00f1oles en edad de ser vacunado ya tiene las dos dosis httpstcoNER4ArrrGA","hashtags":["YoMeVacunoSeguro"],"mentions":[],"tweet_urls":[],"tweet_emoticons":[],"tweet_date":"2021-09-21T21:00:00","geolocation":null}
{"poi_name":"","poi_id":"","verified":false,"country":"Mexico","id":"1440400522662408202","replied_to_tweet_id":1.440308768e+18,"replied_to_user_id":1104043980.0,"reply_text":"","tweet_text":"@enriquedediegov Pfizer retira todos los lotes de su tratamiento antitabacovid Champix\u00a0por presencia de carcin\u00f3genos. #D\u00edaDeLaSanidad #YoMeVacunoSeguro #MedicinaInterna   https:\/\/t.co\/tx759tC4kP","tweet_lang":"es","text_es":" Pfizer retira todos los lotes de su tratamiento antitabacovid Champix\u00a0por presencia de carcin\u00f3genos      ","hashtags":["D\u00edaDeLaSanidad","YoMeVacunoSeguro","MedicinaInterna"],"mentions":["enriquedediegov"],"tweet_urls":["https:\/\/t.co\/tx759tC4kP"],"tweet_emoticons":[],"tweet_date":"2021-09-21T20:00:00","geolocation":null}
{"poi_name":"","poi_id":"","verified":false,"country":"Mexico","id":"1440395434007019522","replied_to_tweet_id":null,"replied_to_user_id":null,"reply_text":"","tweet_text":"\ud83d\udd35Actualizaci\u00f3n del informe de actividad de #vacunaci\u00f3n en Espa\u00f1a: https:\/\/t.co\/pbrG49MZbY\n\n\ud83d\udda5Cuadro de mando: https:\/\/t.co\/gTix5ULHmu\n\n\ud83d\udddeM\u00e1s informaci\u00f3n en: https:\/\/t.co\/SamU2OFjna\n\n#YoMeVacunoSeguro https:\/\/t.co\/C7kAG61FHg","tweet_lang":"es","text_es":"Actualizaci\u00f3n del informe de actividad de  en Espa\u00f1a \n\nCuadro de mando \n\nM\u00e1s informaci\u00f3n en \n\n httpstcoC7kAG61FHg","hashtags":["vacunaci\u00f3n","YoMeVacunoSeguro"],"mentions":[],"tweet_urls":["https:\/\/t.co\/pbrG49MZbY","https:\/\/t.co\/gTix5ULHmu","https:\/\/t.co\/SamU2OFjna"],"tweet_emoticons":["\ud83d\udd35","\ud83d\udda5","\ud83d\uddde"],"tweet_date":"2021-09-21T19:00:00","geolocation":null}
{"poi_name":"","poi_id":"","verified":false,"country":"Mexico","id":"1440395243992408069","replied_to_tweet_id":null,"replied_to_user_id":null,"reply_text":"","tweet_text":"\ud83d\udce3Actualizaci\u00f3n de datos de #COVID19\nhttps:\/\/t.co\/EYIXxFWiuq\n\n \ud83d\ude37Infograf\u00edas y otros materiales sobre el coronavirus:\nhttps:\/\/t.co\/OzmPz61yZ0\n\n\u00a1Prot\u00e9gete y protege a los dem\u00e1s!\n\n#YoMeVacunoSeguro https:\/\/t.co\/ORGMrOq4mL","tweet_lang":"es","text_es":"Actualizaci\u00f3n de datos de \n\n\n Infograf\u00edas y otros materiales sobre el coronavirus\n\n\n\u00a1Prot\u00e9gete y protege a los dem\u00e1s\n\n httpstcoORGMrOq4mL","hashtags":["COVID19","YoMeVacunoSeguro"],"mentions":[],"tweet_urls":["https:\/\/t.co\/EYIXxFWiuq","https:\/\/t.co\/OzmPz61yZ0"],"tweet_emoticons":["\ud83d\ude37","\ud83d\udce3"],"tweet_date":"2021-09-21T19:00:00","geolocation":null}
{"poi_name":"","poi_id":"","verified":false,"country":"Mexico","id":"1440394388358635526","replied_to_tweet_id":null,"replied_to_user_id":null,"reply_text":"","tweet_text":"Ya s\u00f3lo faltan por vacunar los que se cagan de miedo por una aguja y se excusan en ideolog\u00edas y conspiranoias para hacer menos el rid\u00edculo\n\n#YoMeVacuno #YoMeVacunoSeguro #COVID19","tweet_lang":"es","text_es":"Ya s\u00f3lo faltan por vacunar los que se cagan de miedo por una aguja y se excusan en ideolog\u00edas y conspiranoias para hacer menos el rid\u00edculo\n\n Seguro ","hashtags":["YoMeVacuno","YoMeVacunoSeguro","COVID19"],"mentions":[],"tweet_urls":[],"tweet_emoticons":[],"tweet_date":"2021-09-21T19:00:00","geolocation":null}
{"poi_name":"","poi_id":"","verified":false,"country":"Mexico","id":"1440375276655972362","replied_to_tweet_id":1.440375275e+18,"replied_to_user_id":1.382693845e+18,"reply_text":"","tweet_text":"\ud83d\udce6 Dosis entregadas: 75.394.611 (+219.150)\n\ud83d\udc89 Dosis administradas: 69.427.047 (+94.218)\n1\u20e3 Personas con una dosis: 37.472.155 (+19.626) (79,06%)\n\ud83d\udee1 Personas vacunadas completamente: 36.086.354 (+80.808)\n\n#LaRectaFinal #YoMeVacuno #YoMeVacunoSeguro #COVID19","tweet_lang":"es","text_es":" Dosis entregadas 75394611 219150\n Dosis administradas 69427047 94218\n1\u20e3 Personas con una dosis 37472155 19626 7906\n Personas vacunadas completamente 36086354 80808\n\n  Seguro ","hashtags":["LaRectaFinal","YoMeVacuno","YoMeVacunoSeguro","COVID19"],"mentions":[],"tweet_urls":[],"tweet_emoticons":["\ud83d\udee1","\ud83d\udc89","1\u20e3","\ud83d\udce6","8)"],"tweet_date":"2021-09-21T18:00:00","geolocation":null}
{"poi_name":"","poi_id":"","verified":true,"country":"Mexico","id":"1440365061160116245","replied_to_tweet_id":null,"replied_to_user_id":null,"reply_text":"","tweet_text":"\ud83d\udce3Actualizaci\u00f3n de datos de #COVID19\nhttps:\/\/t.co\/wovaDbet5v\n\n \ud83d\ude37Infograf\u00edas y otros materiales sobre el coronavirus:\nhttps:\/\/t.co\/kyYeapVcUl\n\n\u00a1Prot\u00e9gete y protege a los dem\u00e1s!\n\n#YoMeVacunoSeguro https:\/\/t.co\/ZAW7Rnmxgj","tweet_lang":"es","text_es":"Actualizaci\u00f3n de datos de \n\n\n Infograf\u00edas y otros materiales sobre el coronavirus\n\n\n\u00a1Prot\u00e9gete y protege a los dem\u00e1s\n\n httpstcoZAW7Rnmxgj","hashtags":["COVID19","YoMeVacunoSeguro"],"mentions":[],"tweet_urls":["https:\/\/t.co\/wovaDbet5v","https:\/\/t.co\/kyYeapVcUl"],"tweet_emoticons":["\ud83d\ude37","\ud83d\udce3"],"tweet_date":"2021-09-21T17:00:00","geolocation":null}
{"poi_name":"","poi_id":"","verified":true,"country":"Mexico","id":"1440362238238285829","replied_to_tweet_id":null,"replied_to_user_id":null,"reply_text":"","tweet_text":"\ud83d\udd35Actualizaci\u00f3n del informe de actividad de #vacunaci\u00f3n en Espa\u00f1a: https:\/\/t.co\/b6dgqPvkjq\n\n\ud83d\udda5Cuadro de mando: https:\/\/t.co\/5A1HCFJlyy\n\n\ud83d\udddeM\u00e1s informaci\u00f3n en: https:\/\/t.co\/eKs5AnzlHO\n\n#YoMeVacunoSeguro https:\/\/t.co\/3LkwO1nID4","tweet_lang":"es","text_es":"Actualizaci\u00f3n del informe de actividad de  en Espa\u00f1a \n\nCuadro de mando \n\nM\u00e1s informaci\u00f3n en \n\n httpstco3LkwO1nID4","hashtags":["vacunaci\u00f3n","YoMeVacunoSeguro"],"mentions":[],"tweet_urls":["https:\/\/t.co\/b6dgqPvkjq","https:\/\/t.co\/5A1HCFJlyy","https:\/\/t.co\/eKs5AnzlHO"],"tweet_emoticons":["\ud83d\udd35","\ud83d\udda5","\ud83d\uddde"],"tweet_date":"2021-09-21T17:00:00","geolocation":null}
{"poi_name":"","poi_id":"","verified":false,"country":"Mexico","id":"1440349886822563844","replied_to_tweet_id":null,"replied_to_user_id":null,"reply_text":"","tweet_text":"Empiezo a notar los efectos secundarios y pienso que a la enfermera se le ha ido un poco la mano con la dosis de Moderna \ud83d\ude02\ud83d\ude02\ud83d\ude02 #YoMeVacuno #YoMeVacunoSeguro https:\/\/t.co\/XutuXk2c2e","tweet_lang":"es","text_es":"Empiezo a notar los efectos secundarios y pienso que a la enfermera se le ha ido un poco la mano con la dosis de Moderna   Seguro httpstcoXutuXk2c2e","hashtags":["YoMeVacuno","YoMeVacunoSeguro"],"mentions":[],"tweet_urls":[],"tweet_emoticons":["\ud83d\ude02"],"tweet_date":"2021-09-21T16:00:00","geolocation":null}
{"poi_name":"","poi_id":"","verified":true,"country":"Mexico","id":"1440345080183738368","replied_to_tweet_id":null,"replied_to_user_id":null,"reply_text":"","tweet_text":"\ud83d\udcfa @CarolinaDarias en @Senadoesp \u25b6\ufe0f Se ha comenzado a administrar la dosis adicional #COVID19 por unanimidad de la Comisi\u00f3n de #SaludP\u00fablica y de la mano de @EMA_News y del @ECDC_EU \n\n#YoMeVacunoSeguro https:\/\/t.co\/A4WOL0j8uI","tweet_lang":"es","text_es":"  en  \u25b6\ufe0f Se ha comenzado a administrar la dosis adicional  por unanimidad de la Comisi\u00f3n de  y de la mano de  y del  \n\n httpstcoA4WOL0j8uI","hashtags":["COVID19","SaludP\u00fablica","YoMeVacunoSeguro"],"mentions":["CarolinaDarias","Senadoesp","EMA_News","ECDC_EU"],"tweet_urls":[],"tweet_emoticons":["\ud83d\udcfa","\u25b6\ufe0f"],"tweet_date":"2021-09-21T16:00:00","geolocation":null}
{"poi_name":"","poi_id":"","verified":false,"country":"Mexico","id":"1440337078537969668","replied_to_tweet_id":1.4402217e+18,"replied_to_user_id":7.785400728e+17,"reply_text":"","tweet_text":"@ags_nortedejaen @saludand @Saludand_Jaen @ujaen Os esperamos en el Campus Cient\u00edfico T\u00e9cnico de Linares!\n\ud83d\udc4d\ud83d\udc49\ud83c\udfe8 YoMeVacunoSeguro","tweet_lang":"es","text_es":"    Os esperamos en el Campus Cient\u00edfico T\u00e9cnico de Linares\n YoMeVacunoSeguro","hashtags":[],"mentions":["ags_nortedejaen","saludand","Saludand_Jaen","ujaen"],"tweet_urls":[],"tweet_emoticons":["\ud83d\udc49","\ud83d\udc4d","\ud83c\udfe8"],"tweet_date":"2021-09-21T15:00:00","geolocation":null}
{"poi_name":"","poi_id":"","verified":false,"country":"Mexico","id":"1440335009584345089","replied_to_tweet_id":null,"replied_to_user_id":null,"reply_text":"","tweet_text":"Ya me he puesto la tercera dosis de la vacuna. \ud83d\udc4d\ud83d\udc4d\ud83d\udc4d\ud83d\udc4d Miguel Bos\u00e9 ninguna y yo tres \ud83d\ude02\ud83d\ude02\ud83d\ude02\ud83d\ude02\ud83d\ude02 #YoMeVacunoSeguro https:\/\/t.co\/StYxbPXvCF","tweet_lang":"es","text_es":"Ya me he puesto la tercera dosis de la vacuna  Miguel Bos\u00e9 ninguna y yo tres   httpstcoStYxbPXvCF","hashtags":["YoMeVacunoSeguro"],"mentions":[],"tweet_urls":[],"tweet_emoticons":["\ud83d\ude02","\ud83d\udc4d"],"tweet_date":"2021-09-21T15:00:00","geolocation":null}
{"poi_name":"","poi_id":"","verified":false,"country":"Mexico","id":"1440312180906213378","replied_to_tweet_id":1.433486e+18,"replied_to_user_id":232124120.0,"reply_text":"","tweet_text":"@sanidadgob Como #YoMeVacunoSeguro , yo del Covid no me vacuno.","tweet_lang":"es","text_es":" Como   yo del Covid no me vacuno","hashtags":["YoMeVacunoSeguro"],"mentions":["sanidadgob"],"tweet_urls":[],"tweet_emoticons":[],"tweet_date":"2021-09-21T14:00:00","geolocation":null}
{"poi_name":"","poi_id":"","verified":false,"country":"Mexico","id":"1440298997885784064","replied_to_tweet_id":null,"replied_to_user_id":null,"reply_text":"","tweet_text":"#coronavirusHuesca Pacientes con covid-19 o en estudio \ud83c\udfe5San Jorge: 6 casos \ud83d\udcc83 \ud83c\udfe5Barbastro: 13 casos\ud83d\udcc81 \n  #EsteVirusLoParamosUnidos #AhoraTocaLucharJuntos #YoMeVacunoSeguro #YaQuedaMenos #elvirussigueaqui","tweet_lang":"es","text_es":" Pacientes con covid19 o en estudio San Jorge 6 casos 3 Barbastro 13 casos1 \n      ","hashtags":["coronavirusHuesca","EsteVirusLoParamosUnidos","AhoraTocaLucharJuntos","YoMeVacunoSeguro","YaQuedaMenos","elvirussigueaqui"],"mentions":[],"tweet_urls":[],"tweet_emoticons":["\ud83d\udcc8","\ud83c\udfe5"],"tweet_date":"2021-09-21T13:00:00","geolocation":null}
{"poi_name":"","poi_id":"","verified":false,"country":"Mexico","id":"1440298892705218568","replied_to_tweet_id":null,"replied_to_user_id":null,"reply_text":"","tweet_text":"#coronavirusTeruel Pacientes con Covid-19 o en estudio \ud83c\udfe5Obispo Polanco: 15 casos\ud83d\udcc86 \ud83c\udfe5Alca\u00f1iz: 4 casos #EsteVirusLoParamosUnidos #AhoraTocaLucharJuntos\u00a0\u00a0\u00a0\u00a0\u00a0\u00a0\u00a0\u00a0\u00a0 #YoMeVacunoSeguro #YaQuedaMenos #elvirussigueaqui","tweet_lang":"es","text_es":" Pacientes con Covid19 o en estudio Obispo Polanco 15 casos6 Alca\u00f1iz 4 casos  \u00a0\u00a0\u00a0\u00a0\u00a0\u00a0\u00a0\u00a0\u00a0   ","hashtags":["coronavirusTeruel","EsteVirusLoParamosUnidos","AhoraTocaLucharJuntos","YoMeVacunoSeguro","YaQuedaMenos","elvirussigueaqui"],"mentions":[],"tweet_urls":[],"tweet_emoticons":["\ud83d\udcc8","\ud83c\udfe5"],"tweet_date":"2021-09-21T13:00:00","geolocation":null}
{"poi_name":"","poi_id":"","verified":false,"country":"Mexico","id":"1440298790779375619","replied_to_tweet_id":1.440298789e+18,"replied_to_user_id":9.692821833e+17,"reply_text":"","tweet_text":"\ud83c\udfe5Nuestra se\u00f1ora del Pilar: 1 \ud83c\udfe5 Quiron: 3 caso\ud83d\udcc81 #estevirusloparamosunidos #ahoratocalucharjuntos #yaquedamenos #yomevacunoseguro #responsabilidad #elvirussigueaqui","tweet_lang":"es","text_es":"Nuestra se\u00f1ora del Pilar 1  Quiron 3 caso1      ","hashtags":["estevirusloparamosunidos","ahoratocalucharjuntos","yaquedamenos","yomevacunoseguro","responsabilidad","elvirussigueaqui"],"mentions":[],"tweet_urls":[],"tweet_emoticons":["\ud83d\udcc8","\ud83c\udfe5"],"tweet_date":"2021-09-21T13:00:00","geolocation":null}
{"poi_name":"","poi_id":"","verified":false,"country":"Mexico","id":"1440297779037827082","replied_to_tweet_id":null,"replied_to_user_id":null,"reply_text":"","tweet_text":"5 meses despu\u00e9s... #YoMeVacunoSeguro \ud83d\ude06 https:\/\/t.co\/NyGu65NsJK","tweet_lang":"es","text_es":"5 meses despu\u00e9s   httpstcoNyGu65NsJK","hashtags":["YoMeVacunoSeguro"],"mentions":[],"tweet_urls":[],"tweet_emoticons":["\ud83d\ude06"],"tweet_date":"2021-09-21T13:00:00","geolocation":null}
{"poi_name":"","poi_id":"","verified":false,"country":"Mexico","id":"1440279874048966673","replied_to_tweet_id":null,"replied_to_user_id":null,"reply_text":"","tweet_text":"\ud83d\udd34\ud83d\udd34Tres fallecidos m\u00e1s en Navarra por COVID. Ayer se registraron 26 nuevos positivos.\n@salud_na \n#YoMeVacunoSeguro https:\/\/t.co\/2s3sODjq1N","tweet_lang":"es","text_es":"Tres fallecidos m\u00e1s en Navarra por COVID Ayer se registraron 26 nuevos positivos\n \n httpstco2s3sODjq1N","hashtags":["YoMeVacunoSeguro"],"mentions":["salud_na"],"tweet_urls":[],"tweet_emoticons":["\ud83d\udd34"],"tweet_date":"2021-09-21T12:00:00","geolocation":null}
{"poi_name":"","poi_id":"","verified":false,"country":"Mexico","id":"1440234679139897346","replied_to_tweet_id":null,"replied_to_user_id":null,"reply_text":"","tweet_text":"Ya somas mas de 36.000.000 personas con la doble dosis ( Pauta completa )..A por la imunidad Absoluta..\n#FeizLunes #YoMeVacunoSeguro #36000000PautaCompleta #APorLaImunidadAbsoluta #MadridCity #Spain!!! \ud83d\udcf1\u2600\ufe0f\ud83d\ude01\ud83d\udcc5\ud83d\ude37\ud83d\udc89\ud83e\uddea\ud83d\ude4b\u200d\u2642\ufe0f\ud83d\udc4f https:\/\/t.co\/BuWLA2I6Tg","tweet_lang":"es","text_es":"Ya somas mas de 36000000 personas con la doble dosis  Pauta completa A por la imunidad Absoluta\n      \u2600\ufe0f\ud83d\ude4b\u200d\u2642\ufe0f httpstcoBuWLA2I6Tg","hashtags":["FeizLunes","YoMeVacunoSeguro","36000000PautaCompleta","APorLaImunidadAbsoluta","MadridCity","Spain"],"mentions":[],"tweet_urls":[],"tweet_emoticons":["\ud83d\udc89","\ud83d\udc4f","\ud83d\ude37","\ud83d\udcc5","\ud83d\udcf1","\ud83d\ude4b\u200d\u2642\ufe0f","\ud83e\uddea","\ud83d\ude01","\u2600\ufe0f"],"tweet_date":"2021-09-21T09:00:00","geolocation":null}
{"poi_name":"","poi_id":"","verified":false,"country":"Mexico","id":"1440226555968376843","replied_to_tweet_id":null,"replied_to_user_id":null,"reply_text":"","tweet_text":"Espa\u00f1a supera los 36 millones de persona con la pauta completa de vacunaci\u00f3n frente a la #COVID19. El 85,5% de la poblaci\u00f3n a vacunar ya cuenta con pauta completa #YoMeVacunoSeguro https:\/\/t.co\/hyWoPiwWS6","tweet_lang":"es","text_es":"Espa\u00f1a supera los 36 millones de persona con la pauta completa de vacunaci\u00f3n frente a la  El 855 de la poblaci\u00f3n a vacunar ya cuenta con pauta completa  httpstcohyWoPiwWS6","hashtags":["COVID19","YoMeVacunoSeguro"],"mentions":[],"tweet_urls":[],"tweet_emoticons":[],"tweet_date":"2021-09-21T08:00:00","geolocation":null}
{"poi_name":"","poi_id":"","verified":true,"country":"Mexico","id":"1440209932247134208","replied_to_tweet_id":null,"replied_to_user_id":null,"reply_text":"","tweet_text":"#YoMeVacunoSeguro | Plan de vacunaci\u00f3n previsto para hoy, martes 21 de septiembre.\n\nM\u00e1s informaci\u00f3n: https:\/\/t.co\/9uyCHLHC4h https:\/\/t.co\/wAuJiUbPJN","tweet_lang":"es","text_es":"  Plan de vacunaci\u00f3n previsto para hoy martes 21 de septiembre\n\nM\u00e1s informaci\u00f3n  httpstcowAuJiUbPJN","hashtags":["YoMeVacunoSeguro"],"mentions":[],"tweet_urls":["https:\/\/t.co\/9uyCHLHC4h"],"tweet_emoticons":[],"tweet_date":"2021-09-21T07:00:00","geolocation":null}
{"poi_name":"","poi_id":"","verified":false,"country":"Mexico","id":"1440198839898542082","replied_to_tweet_id":null,"replied_to_user_id":null,"reply_text":"","tweet_text":"#IMPORTANTE  | #ULTIMAHORA\n\u203c\ufe0f \ud835\udddf\ud835\udddf\ud835\uddd4\ud835\udde0\ud835\uddd4\ud835\udde0\ud835\udddc\ud835\uddd8\ud835\udde1\ud835\udde7\ud835\udde2 1\u00aa \ud835\uddd7\ud835\udde2\ud835\udde6\ud835\udddc\ud835\udde6 \u203c\ufe0f\nLlamamiento a los MAYORES DE 12 A\u00d1OS para vacunaci\u00f3n 1\u00ba dosis JUEVES 23 de SEPTIEMBRE.\n\ud83d\udd5b De 16:00 a 20:00\n\ud83d\udccdEn IFEME\nhttps:\/\/t.co\/kKWaCMYC9l\n#YoMeVacunoSeguro #covid_19 #areasaludmerida #extremadura https:\/\/t.co\/pBaolZFAey","tweet_lang":"es","text_es":"   \n\u203c\ufe0f \ud835\udddf\ud835\udddf\ud835\uddd4\ud835\udde0\ud835\uddd4\ud835\udde0\ud835\udddc\ud835\uddd8\ud835\udde1\ud835\udde7\ud835\udde2 1\u00aa \ud835\uddd7\ud835\udde2\ud835\udde6\ud835\udddc\ud835\udde6 \u203c\ufe0f\nLlamamiento a los MAYORES DE 12 A\u00d1OS para vacunaci\u00f3n 1\u00ba dosis JUEVES 23 de SEPTIEMBRE\n De 1600 a 2000\nEn IFEME\n\n    httpstcopBaolZFAey","hashtags":["IMPORTANTE","ULTIMAHORA","YoMeVacunoSeguro","covid_19","areasaludmerida","extremadura"],"mentions":[],"tweet_urls":["https:\/\/t.co\/kKWaCMYC9l"],"tweet_emoticons":["\ud83d\udccd","\u203c\ufe0f","\ud83d\udd5b"],"tweet_date":"2021-09-21T06:00:00","geolocation":null}
{"poi_name":"","poi_id":"","verified":false,"country":"Mexico","id":"1440195372719042566","replied_to_tweet_id":null,"replied_to_user_id":null,"reply_text":"","tweet_text":"Si no lo has hecho\u2026 a que esperas? #YoMeVacunoSeguro @uclm_es https:\/\/t.co\/Pld5MqTRjr","tweet_lang":"es","text_es":"Si no lo has hecho\u2026 a que esperas   ","hashtags":["YoMeVacunoSeguro"],"mentions":["uclm_es"],"tweet_urls":["https:\/\/t.co\/Pld5MqTRjr"],"tweet_emoticons":[],"tweet_date":"2021-09-21T06:00:00","geolocation":null}
{"poi_name":"","poi_id":"","verified":false,"country":"Mexico","id":"1440160571001737222","replied_to_tweet_id":1.440048094e+18,"replied_to_user_id":1027502082.0,"reply_text":"","tweet_text":"@ughstay @T13 \u00bfPor qu\u00e9 est\u00e1n aumentando los casos de coronavirus en Israel si el pa\u00eds lider\u00f3 las vacunaciones?#YoMeVacunoSeguro \nhttps:\/\/t.co\/gIL8lcyqWZ","tweet_lang":"es","text_es":"  \u00bfPor qu\u00e9 est\u00e1n aumentando los casos de coronavirus en Israel si el pa\u00eds lider\u00f3 las vacunaciones \n","hashtags":["YoMeVacunoSeguro"],"mentions":["ughstay","T13"],"tweet_urls":["https:\/\/t.co\/gIL8lcyqWZ"],"tweet_emoticons":[],"tweet_date":"2021-09-21T04:00:00","geolocation":null}
{"poi_name":"","poi_id":"","verified":false,"country":"Mexico","id":"1440053487396524040","replied_to_tweet_id":null,"replied_to_user_id":null,"reply_text":"","tweet_text":"Espa\u00f1a ha superado hoy los 36 millones de personas con pauta completa \ud83d\udc89 de #VacunaCOVID19.\n\n\ud83d\udc49 85,5%  de la poblaci\u00f3n a vacunar  con pauta completa \ud83d\udc89\n\n\ud83d\udc49 88,9% de la poblaci\u00f3n a vacunar con, al menos, una dosis \ud83d\udc89\n\n#YoMeVacunoSeguro \n#Un\u00c9xitoColectivo \ud83d\udcaa\ud83d\udcaa https:\/\/t.co\/2xaYn29jck","tweet_lang":"es","text_es":"Espa\u00f1a ha superado hoy los 36 millones de personas con pauta completa  de \n\n 855  de la poblaci\u00f3n a vacunar  con pauta completa \n\n 889 de la poblaci\u00f3n a vacunar con al menos una dosis \n\n \n  httpstco2xaYn29jck","hashtags":["VacunaCOVID19","YoMeVacunoSeguro","Un\u00c9xitoColectivo"],"mentions":[],"tweet_urls":[],"tweet_emoticons":["\ud83d\udc49","\ud83d\udc89","\ud83d\udcaa"],"tweet_date":"2021-09-20T21:00:00","geolocation":null}
{"poi_name":"","poi_id":"","verified":false,"country":"Mexico","id":"1440027988037308424","replied_to_tweet_id":1.440027986e+18,"replied_to_user_id":1.382693845e+18,"reply_text":"","tweet_text":"\ud83d\udce6 Dosis entregadas: 75.175.461 (=)\n\ud83d\udc89 Dosis administradas: 69.332.829 (+238.165)\n1\u20e3 Personas con una dosis: 37.452.529 (+66.771) (79,02%)\n\ud83d\udee1 Personas vacunadas completamente: 36.005.546 (+220.803)\n\n#LaRectaFinal #YoMeVacuno #YoMeVacunoSeguro #COVID19","tweet_lang":"es","text_es":" Dosis entregadas 75175461 \n Dosis administradas 69332829 238165\n1\u20e3 Personas con una dosis 37452529 66771 7902\n Personas vacunadas completamente 36005546 220803\n\n  Seguro ","hashtags":["LaRectaFinal","YoMeVacuno","YoMeVacunoSeguro","COVID19"],"mentions":[],"tweet_urls":[],"tweet_emoticons":["\ud83d\udee1","\ud83d\udc89","1\u20e3","\ud83d\udce6","=)"],"tweet_date":"2021-09-20T19:00:00","geolocation":null}
{"poi_name":"","poi_id":"","verified":false,"country":"Mexico","id":"1440018777291243521","replied_to_tweet_id":null,"replied_to_user_id":null,"reply_text":"","tweet_text":"\ud83d\udd35Actualizaci\u00f3n del informe de actividad de #vacunaci\u00f3n en Espa\u00f1a: https:\/\/t.co\/Hb6AiTtwIA\n\n\ud83d\udda5Cuadro de mando: https:\/\/t.co\/gTix5V3iL4\n\n\ud83d\udddeM\u00e1s informaci\u00f3n en: https:\/\/t.co\/SamU2OWULK\n\n#YoMeVacunoSeguro https:\/\/t.co\/D7hPxsKbIf","tweet_lang":"es","text_es":"Actualizaci\u00f3n del informe de actividad de  en Espa\u00f1a \n\nCuadro de mando \n\nM\u00e1s informaci\u00f3n en \n\n httpstcoD7hPxsKbIf","hashtags":["vacunaci\u00f3n","YoMeVacunoSeguro"],"mentions":[],"tweet_urls":["https:\/\/t.co\/Hb6AiTtwIA","https:\/\/t.co\/gTix5V3iL4","https:\/\/t.co\/SamU2OWULK"],"tweet_emoticons":["\ud83d\udd35","\ud83d\udda5","\ud83d\uddde"],"tweet_date":"2021-09-20T18:00:00","geolocation":null}
{"poi_name":"","poi_id":"","verified":false,"country":"Mexico","id":"1440018634483683329","replied_to_tweet_id":null,"replied_to_user_id":null,"reply_text":"","tweet_text":"\ud83d\udce3Actualizaci\u00f3n de datos de #COVID19\nhttps:\/\/t.co\/hhv6hmN4Lo\n\n \ud83d\ude37Infograf\u00edas y otros materiales sobre el coronavirus:\nhttps:\/\/t.co\/OzmPz5JY7s\n\n\u00a1Prot\u00e9gete y protege a los dem\u00e1s!\n\n#YoMeVacunoSeguro https:\/\/t.co\/Kc2DD9TwGq","tweet_lang":"es","text_es":"Actualizaci\u00f3n de datos de \n\n\n Infograf\u00edas y otros materiales sobre el coronavirus\n\n\n\u00a1Prot\u00e9gete y protege a los dem\u00e1s\n\n httpstcoKc2DD9TwGq","hashtags":["COVID19","YoMeVacunoSeguro"],"mentions":[],"tweet_urls":["https:\/\/t.co\/hhv6hmN4Lo","https:\/\/t.co\/OzmPz5JY7s"],"tweet_emoticons":["\ud83d\ude37","\ud83d\udce3"],"tweet_date":"2021-09-20T18:00:00","geolocation":null}
{"poi_name":"","poi_id":"","verified":false,"country":"Mexico","id":"1440018500123308040","replied_to_tweet_id":null,"replied_to_user_id":null,"reply_text":"","tweet_text":"\ud83d\udd34 \u00bfQu\u00e9 sabemos hasta ahora de la #VacunaCOVID19 y los cambios en la menstruaci\u00f3n?\n\nOlga Oc\u00f3n Hern\u00e1ndez nos lo cuenta en un nuevo\n\n#VocesExpertas \ud83d\udc47\n#YoMeVacunoSeguro\n\nhttps:\/\/t.co\/VjvopTFmmq https:\/\/t.co\/g1wlORqBCU","tweet_lang":"es","text_es":" \u00bfQu\u00e9 sabemos hasta ahora de la  y los cambios en la menstruaci\u00f3n\n\nOlga Oc\u00f3n Hern\u00e1ndez nos lo cuenta en un nuevo\n\n \n\n\n httpstcog1wlORqBCU","hashtags":["VacunaCOVID19","VocesExpertas","YoMeVacunoSeguro"],"mentions":[],"tweet_urls":["https:\/\/t.co\/VjvopTFmmq"],"tweet_emoticons":["\ud83d\udd34","\ud83d\udc47","xp"],"tweet_date":"2021-09-20T18:00:00","geolocation":null}
{"poi_name":"","poi_id":"","verified":true,"country":"Mexico","id":"1440014344071356421","replied_to_tweet_id":null,"replied_to_user_id":null,"reply_text":"","tweet_text":"\u2705 M\u00e1s de 36 millones de personas en Espa\u00f1a con pauta completa de vacunaci\u00f3n contra la #COVID19 #YoMeVacunoSeguro #Seguimosavanzando https:\/\/t.co\/FJwhPUVb4H","tweet_lang":"es","text_es":" M\u00e1s de 36 millones de personas en Espa\u00f1a con pauta completa de vacunaci\u00f3n contra la    ","hashtags":["COVID19","YoMeVacunoSeguro","Seguimosavanzando"],"mentions":[],"tweet_urls":["https:\/\/t.co\/FJwhPUVb4H"],"tweet_emoticons":["\u2705"],"tweet_date":"2021-09-20T18:00:00","geolocation":null}
{"poi_name":"","poi_id":"","verified":true,"country":"Mexico","id":"1440005337029873664","replied_to_tweet_id":null,"replied_to_user_id":null,"reply_text":"","tweet_text":"\ud83d\udce2 Espa\u00f1a supera los 36 millones de habitantes con la pauta completa de vacunaci\u00f3n \ud83d\udc89frente a la #COVID19 \n\n\u27a1\ufe0f El 85,5% de la poblaci\u00f3n a vacunar ya cuenta con pauta completa de #VacunaCOVID19 y el 88,9% con, al menos, una dosis.\n\n#YoMeVacunoSeguro \n#Un\u00c9xitoColectivo https:\/\/t.co\/bgaIU18clk","tweet_lang":"es","text_es":" Espa\u00f1a supera los 36 millones de habitantes con la pauta completa de vacunaci\u00f3n frente a la  \n\n\u27a1\ufe0f El 855 de la poblaci\u00f3n a vacunar ya cuenta con pauta completa de Vacuna y el 889 con al menos una dosis\n\n \n httpstcobgaIU18clk","hashtags":["COVID19","VacunaCOVID19","YoMeVacunoSeguro","Un\u00c9xitoColectivo"],"mentions":[],"tweet_urls":[],"tweet_emoticons":["\u27a1\ufe0f","\ud83d\udce2","\ud83d\udc89"],"tweet_date":"2021-09-20T18:00:00","geolocation":null}
{"poi_name":"","poi_id":"","verified":false,"country":"Mexico","id":"1440000391266066436","replied_to_tweet_id":1.439993657e+18,"replied_to_user_id":1.17344109e+18,"reply_text":"","tweet_text":"@MarbeniaS @Ronald1969HT @RomanYelina @KeylerING @AlasDeAmorCuba @AdanVillavicen5 @MilagrosXCuba @Sara_4100 @ZAxTi @LuisRam87924796 #ACubaPonleCoraz\u00f3n #YoMeVacunoSeguro que hermosa nuestra Cuba, que hermosa nuestra campa\u00f1a de vacunaci\u00f3n en adultos y ni\u00f1os\n#DeZurdaTeam","tweet_lang":"es","text_es":"            que hermosa nuestra Cuba que hermosa nuestra campa\u00f1a de vacunaci\u00f3n en adultos y ni\u00f1os\n","hashtags":["ACubaPonleCoraz\u00f3n","YoMeVacunoSeguro","DeZurdaTeam"],"mentions":["MarbeniaS","Ronald1969HT","RomanYelina","KeylerING","AlasDeAmorCuba","AdanVillavicen5","MilagrosXCuba","Sara_4100","ZAxTi","LuisRam87924796"],"tweet_urls":[],"tweet_emoticons":[],"tweet_date":"2021-09-20T17:00:00","geolocation":null}
{"poi_name":"","poi_id":"","verified":true,"country":"Mexico","id":"1440000311570010119","replied_to_tweet_id":null,"replied_to_user_id":null,"reply_text":"","tweet_text":"\ud83d\udd34 Hoy ha comenzado la distribuci\u00f3n entre las #CCAA de las 1.099.000 nuevas dosis de #VacunaCOVID19 \ud83d\udc89 de #Pfizer previstas para esta semana.\n\n\ud83d\udc89Esta ma\u00f1ana han llegado a #Soria otras 2.340 dosis que sumar a las 141.000 que se hab\u00edan recibido hasta ayer.\n\n#YoMeVacunoSeguro https:\/\/t.co\/icvsopDlhW","tweet_lang":"es","text_es":" Hoy ha comenzado la distribuci\u00f3n entre las  de las 1099000 nuevas dosis de   de  previstas para esta semana\n\nEsta ma\u00f1ana han llegado a  otras 2340 dosis que sumar a las 141000 que se hab\u00edan recibido hasta ayer\n\n httpstcoicvsopDlhW","hashtags":["CCAA","VacunaCOVID19","Pfizer","Soria","YoMeVacunoSeguro"],"mentions":[],"tweet_urls":[],"tweet_emoticons":["\ud83d\udd34","\ud83d\udc89"],"tweet_date":"2021-09-20T17:00:00","geolocation":null}
{"poi_name":"","poi_id":"","verified":false,"country":"Mexico","id":"1440820696553123844","replied_to_tweet_id":null,"replied_to_user_id":null,"reply_text":"","tweet_text":"RT @JavierVillamor: \u00bfOs pondr\u00edais una tercera o cuarta dosis, o la que sea, si las autoridades lo recomiendan?\n\n#VacunaCOVID19 #vacuna #YoM\u2026","tweet_lang":"es","text_es":"RT  \u00bfOs pondr\u00edais una tercera o cuarta dosis o la que sea si las autoridades lo recomiendan\n\n  YoM\u2026","hashtags":["VacunaCOVID19","vacuna"],"mentions":["JavierVillamor"],"tweet_urls":[],"tweet_emoticons":[],"tweet_date":"2021-09-22T23:00:00","geolocation":null}
{"poi_name":"","poi_id":"","verified":false,"country":"Mexico","id":"1440819064570466311","replied_to_tweet_id":null,"replied_to_user_id":null,"reply_text":"","tweet_text":"RT @JavierVillamor: \u00bfOs pondr\u00edais una tercera o cuarta dosis, o la que sea, si las autoridades lo recomiendan?\n\n#VacunaCOVID19 #vacuna #YoM\u2026","tweet_lang":"es","text_es":"RT  \u00bfOs pondr\u00edais una tercera o cuarta dosis o la que sea si las autoridades lo recomiendan\n\n  YoM\u2026","hashtags":["VacunaCOVID19","vacuna"],"mentions":["JavierVillamor"],"tweet_urls":[],"tweet_emoticons":[],"tweet_date":"2021-09-22T23:00:00","geolocation":null}
{"poi_name":"","poi_id":"","verified":false,"country":"Mexico","id":"1440817752055304194","replied_to_tweet_id":null,"replied_to_user_id":null,"reply_text":"","tweet_text":"RT @JavierVillamor: \u00bfOs pondr\u00edais una tercera o cuarta dosis, o la que sea, si las autoridades lo recomiendan?\n\n#VacunaCOVID19 #vacuna #YoM\u2026","tweet_lang":"es","text_es":"RT  \u00bfOs pondr\u00edais una tercera o cuarta dosis o la que sea si las autoridades lo recomiendan\n\n  YoM\u2026","hashtags":["VacunaCOVID19","vacuna"],"mentions":["JavierVillamor"],"tweet_urls":[],"tweet_emoticons":[],"tweet_date":"2021-09-22T23:00:00","geolocation":null}
{"poi_name":"","poi_id":"","verified":false,"country":"Mexico","id":"1440817472081317891","replied_to_tweet_id":null,"replied_to_user_id":null,"reply_text":"","tweet_text":"RT @sanidadgob: \ud83d\udcfa @CarolinaDarias \u27a1\ufe0f Espa\u00f1a va a incrementar su compromiso con la vacunaci\u00f3n solidaria llegando hasta los 30 millones de do\u2026","tweet_lang":"es","text_es":"RT    \u27a1\ufe0f Espa\u00f1a va a incrementar su compromiso con la vacunaci\u00f3n solidaria llegando hasta los 30 millones de do\u2026","hashtags":[],"mentions":["sanidadgob","CarolinaDarias"],"tweet_urls":[],"tweet_emoticons":["\u27a1\ufe0f","\ud83d\udcfa"],"tweet_date":"2021-09-22T23:00:00","geolocation":null}
{"poi_name":"","poi_id":"","verified":false,"country":"Mexico","id":"1440817026587447297","replied_to_tweet_id":null,"replied_to_user_id":null,"reply_text":"","tweet_text":"RT @JavierVillamor: \u00bfOs pondr\u00edais una tercera o cuarta dosis, o la que sea, si las autoridades lo recomiendan?\n\n#VacunaCOVID19 #vacuna #YoM\u2026","tweet_lang":"es","text_es":"RT  \u00bfOs pondr\u00edais una tercera o cuarta dosis o la que sea si las autoridades lo recomiendan\n\n  YoM\u2026","hashtags":["VacunaCOVID19","vacuna"],"mentions":["JavierVillamor"],"tweet_urls":[],"tweet_emoticons":[],"tweet_date":"2021-09-22T23:00:00","geolocation":null}
{"poi_name":"","poi_id":"","verified":false,"country":"Mexico","id":"1440816417360678919","replied_to_tweet_id":null,"replied_to_user_id":null,"reply_text":"","tweet_text":"RT @sanidadgob: \ud83d\udc89La #VacunaCOVID19 funciona. Por eso, despu\u00e9s de a\u00f1o y medio de pandemia Germ\u00e1n lo tiene claro y se va a vacunar\n\n\ud83d\udc4dAhora, t\u2026","tweet_lang":"es","text_es":"RT  La  funciona Por eso despu\u00e9s de a\u00f1o y medio de pandemia Germ\u00e1n lo tiene claro y se va a vacunar\n\nAhora t\u2026","hashtags":["VacunaCOVID19"],"mentions":["sanidadgob"],"tweet_urls":[],"tweet_emoticons":["\ud83d\udc89","\ud83d\udc4d"],"tweet_date":"2021-09-22T23:00:00","geolocation":null}
{"poi_name":"","poi_id":"","verified":false,"country":"Mexico","id":"1440816322791673862","replied_to_tweet_id":null,"replied_to_user_id":null,"reply_text":"","tweet_text":"RT @sanidadgob: \ud83d\udcfa@CarolinaDarias \u27a1\ufe0f En nuestro pa\u00eds, 4 de cada 5 personas ha recibido, al menos, una dosis de #VacunaCOVID19 \n\n\u25b6\ufe0f El 76,3%\u2026","tweet_lang":"es","text_es":"RT   \u27a1\ufe0f En nuestro pa\u00eds 4 de cada 5 personas ha recibido al menos una dosis de  \n\n\u25b6\ufe0f El 763\u2026","hashtags":["VacunaCOVID19"],"mentions":["sanidadgob","CarolinaDarias"],"tweet_urls":[],"tweet_emoticons":["\u27a1\ufe0f","\ud83d\udcfa","\u25b6\ufe0f"],"tweet_date":"2021-09-22T23:00:00","geolocation":null}
{"poi_name":"","poi_id":"","verified":false,"country":"Mexico","id":"1440814155372503040","replied_to_tweet_id":null,"replied_to_user_id":null,"reply_text":"","tweet_text":"RT @JavierVillamor: \u00bfOs pondr\u00edais una tercera o cuarta dosis, o la que sea, si las autoridades lo recomiendan?\n\n#VacunaCOVID19 #vacuna #YoM\u2026","tweet_lang":"es","text_es":"RT  \u00bfOs pondr\u00edais una tercera o cuarta dosis o la que sea si las autoridades lo recomiendan\n\n  YoM\u2026","hashtags":["VacunaCOVID19","vacuna"],"mentions":["JavierVillamor"],"tweet_urls":[],"tweet_emoticons":[],"tweet_date":"2021-09-22T23:00:00","geolocation":null}
{"poi_name":"","poi_id":"","verified":false,"country":"Mexico","id":"1440814125676785666","replied_to_tweet_id":null,"replied_to_user_id":null,"reply_text":"","tweet_text":"RT @JavierVillamor: \u00bfOs pondr\u00edais una tercera o cuarta dosis, o la que sea, si las autoridades lo recomiendan?\n\n#VacunaCOVID19 #vacuna #YoM\u2026","tweet_lang":"es","text_es":"RT  \u00bfOs pondr\u00edais una tercera o cuarta dosis o la que sea si las autoridades lo recomiendan\n\n  YoM\u2026","hashtags":["VacunaCOVID19","vacuna"],"mentions":["JavierVillamor"],"tweet_urls":[],"tweet_emoticons":[],"tweet_date":"2021-09-22T23:00:00","geolocation":null}
{"poi_name":"","poi_id":"","verified":false,"country":"Mexico","id":"1440813384039997445","replied_to_tweet_id":null,"replied_to_user_id":null,"reply_text":"","tweet_text":"RT @JavierVillamor: \u00bfOs pondr\u00edais una tercera o cuarta dosis, o la que sea, si las autoridades lo recomiendan?\n\n#VacunaCOVID19 #vacuna #YoM\u2026","tweet_lang":"es","text_es":"RT  \u00bfOs pondr\u00edais una tercera o cuarta dosis o la que sea si las autoridades lo recomiendan\n\n  YoM\u2026","hashtags":["VacunaCOVID19","vacuna"],"mentions":["JavierVillamor"],"tweet_urls":[],"tweet_emoticons":[],"tweet_date":"2021-09-22T23:00:00","geolocation":null}
{"poi_name":"","poi_id":"","verified":false,"country":"Mexico","id":"1440813074068369410","replied_to_tweet_id":null,"replied_to_user_id":null,"reply_text":"","tweet_text":"RT @JavierVillamor: \u00bfOs pondr\u00edais una tercera o cuarta dosis, o la que sea, si las autoridades lo recomiendan?\n\n#VacunaCOVID19 #vacuna #YoM\u2026","tweet_lang":"es","text_es":"RT  \u00bfOs pondr\u00edais una tercera o cuarta dosis o la que sea si las autoridades lo recomiendan\n\n  YoM\u2026","hashtags":["VacunaCOVID19","vacuna"],"mentions":["JavierVillamor"],"tweet_urls":[],"tweet_emoticons":[],"tweet_date":"2021-09-22T23:00:00","geolocation":null}
{"poi_name":"","poi_id":"","verified":false,"country":"Mexico","id":"1440812109881774081","replied_to_tweet_id":null,"replied_to_user_id":null,"reply_text":"","tweet_text":"RT @sanidadgob: \ud83d\udce3Actualizaci\u00f3n de datos de #COVID19\nhttps:\/\/t.co\/I6pynLYetk\n\n \ud83d\ude37Infograf\u00edas y otros materiales sobre el coronavirus:\nhttps:\/\u2026","tweet_lang":"es","text_es":"RT  Actualizaci\u00f3n de datos de \n\n\n Infograf\u00edas y otros materiales sobre el coronavirus\nhttps\u2026","hashtags":["COVID19"],"mentions":["sanidadgob"],"tweet_urls":["https:\/\/t.co\/I6pynLYetk"],"tweet_emoticons":["\ud83d\ude37","\ud83d\udce3"],"tweet_date":"2021-09-22T23:00:00","geolocation":null}
{"poi_name":"","poi_id":"","verified":false,"country":"Mexico","id":"1440812070979596291","replied_to_tweet_id":null,"replied_to_user_id":null,"reply_text":"","tweet_text":"RT @JavierVillamor: \u00bfOs pondr\u00edais una tercera o cuarta dosis, o la que sea, si las autoridades lo recomiendan?\n\n#VacunaCOVID19 #vacuna #YoM\u2026","tweet_lang":"es","text_es":"RT  \u00bfOs pondr\u00edais una tercera o cuarta dosis o la que sea si las autoridades lo recomiendan\n\n  YoM\u2026","hashtags":["VacunaCOVID19","vacuna"],"mentions":["JavierVillamor"],"tweet_urls":[],"tweet_emoticons":[],"tweet_date":"2021-09-22T23:00:00","geolocation":null}
{"poi_name":"","poi_id":"","verified":false,"country":"Mexico","id":"1440810962479575044","replied_to_tweet_id":null,"replied_to_user_id":null,"reply_text":"","tweet_text":"RT @JavierVillamor: \u00bfOs pondr\u00edais una tercera o cuarta dosis, o la que sea, si las autoridades lo recomiendan?\n\n#VacunaCOVID19 #vacuna #YoM\u2026","tweet_lang":"es","text_es":"RT  \u00bfOs pondr\u00edais una tercera o cuarta dosis o la que sea si las autoridades lo recomiendan\n\n  YoM\u2026","hashtags":["VacunaCOVID19","vacuna"],"mentions":["JavierVillamor"],"tweet_urls":[],"tweet_emoticons":[],"tweet_date":"2021-09-22T23:00:00","geolocation":null}
{"poi_name":"","poi_id":"","verified":false,"country":"Mexico","id":"1440809917867180041","replied_to_tweet_id":null,"replied_to_user_id":null,"reply_text":"","tweet_text":"RT @JavierVillamor: \u00bfOs pondr\u00edais una tercera o cuarta dosis, o la que sea, si las autoridades lo recomiendan?\n\n#VacunaCOVID19 #vacuna #YoM\u2026","tweet_lang":"es","text_es":"RT  \u00bfOs pondr\u00edais una tercera o cuarta dosis o la que sea si las autoridades lo recomiendan\n\n  YoM\u2026","hashtags":["VacunaCOVID19","vacuna"],"mentions":["JavierVillamor"],"tweet_urls":[],"tweet_emoticons":[],"tweet_date":"2021-09-22T23:00:00","geolocation":null}
{"poi_name":"","poi_id":"","verified":false,"country":"Mexico","id":"1440809894009982981","replied_to_tweet_id":null,"replied_to_user_id":null,"reply_text":"","tweet_text":"RT @JavierVillamor: \u00bfOs pondr\u00edais una tercera o cuarta dosis, o la que sea, si las autoridades lo recomiendan?\n\n#VacunaCOVID19 #vacuna #YoM\u2026","tweet_lang":"es","text_es":"RT  \u00bfOs pondr\u00edais una tercera o cuarta dosis o la que sea si las autoridades lo recomiendan\n\n  YoM\u2026","hashtags":["VacunaCOVID19","vacuna"],"mentions":["JavierVillamor"],"tweet_urls":[],"tweet_emoticons":[],"tweet_date":"2021-09-22T23:00:00","geolocation":null}
{"poi_name":"","poi_id":"","verified":false,"country":"Mexico","id":"1440809431067815938","replied_to_tweet_id":null,"replied_to_user_id":null,"reply_text":"","tweet_text":"RT @JavierVillamor: \u00bfOs pondr\u00edais una tercera o cuarta dosis, o la que sea, si las autoridades lo recomiendan?\n\n#VacunaCOVID19 #vacuna #YoM\u2026","tweet_lang":"es","text_es":"RT  \u00bfOs pondr\u00edais una tercera o cuarta dosis o la que sea si las autoridades lo recomiendan\n\n  YoM\u2026","hashtags":["VacunaCOVID19","vacuna"],"mentions":["JavierVillamor"],"tweet_urls":[],"tweet_emoticons":[],"tweet_date":"2021-09-22T23:00:00","geolocation":null}
{"poi_name":"","poi_id":"","verified":false,"country":"Mexico","id":"1440809338671538178","replied_to_tweet_id":null,"replied_to_user_id":null,"reply_text":"","tweet_text":"RT @JavierVillamor: \u00bfOs pondr\u00edais una tercera o cuarta dosis, o la que sea, si las autoridades lo recomiendan?\n\n#VacunaCOVID19 #vacuna #YoM\u2026","tweet_lang":"es","text_es":"RT  \u00bfOs pondr\u00edais una tercera o cuarta dosis o la que sea si las autoridades lo recomiendan\n\n  YoM\u2026","hashtags":["VacunaCOVID19","vacuna"],"mentions":["JavierVillamor"],"tweet_urls":[],"tweet_emoticons":[],"tweet_date":"2021-09-22T23:00:00","geolocation":null}
{"poi_name":"","poi_id":"","verified":false,"country":"Mexico","id":"1440809324645781509","replied_to_tweet_id":null,"replied_to_user_id":null,"reply_text":"","tweet_text":"RT @JavierVillamor: \u00bfOs pondr\u00edais una tercera o cuarta dosis, o la que sea, si las autoridades lo recomiendan?\n\n#VacunaCOVID19 #vacuna #YoM\u2026","tweet_lang":"es","text_es":"RT  \u00bfOs pondr\u00edais una tercera o cuarta dosis o la que sea si las autoridades lo recomiendan\n\n  YoM\u2026","hashtags":["VacunaCOVID19","vacuna"],"mentions":["JavierVillamor"],"tweet_urls":[],"tweet_emoticons":[],"tweet_date":"2021-09-22T23:00:00","geolocation":null}
{"poi_name":"","poi_id":"","verified":false,"country":"Mexico","id":"1440809245939699721","replied_to_tweet_id":null,"replied_to_user_id":null,"reply_text":"","tweet_text":"RT @JavierVillamor: \u00bfOs pondr\u00edais una tercera o cuarta dosis, o la que sea, si las autoridades lo recomiendan?\n\n#VacunaCOVID19 #vacuna #YoM\u2026","tweet_lang":"es","text_es":"RT  \u00bfOs pondr\u00edais una tercera o cuarta dosis o la que sea si las autoridades lo recomiendan\n\n  YoM\u2026","hashtags":["VacunaCOVID19","vacuna"],"mentions":["JavierVillamor"],"tweet_urls":[],"tweet_emoticons":[],"tweet_date":"2021-09-22T23:00:00","geolocation":null}
{"poi_name":"","poi_id":"","verified":false,"country":"Mexico","id":"1440808806217228290","replied_to_tweet_id":null,"replied_to_user_id":null,"reply_text":"","tweet_text":"RT @JavierVillamor: \u00bfOs pondr\u00edais una tercera o cuarta dosis, o la que sea, si las autoridades lo recomiendan?\n\n#VacunaCOVID19 #vacuna #YoM\u2026","tweet_lang":"es","text_es":"RT  \u00bfOs pondr\u00edais una tercera o cuarta dosis o la que sea si las autoridades lo recomiendan\n\n  YoM\u2026","hashtags":["VacunaCOVID19","vacuna"],"mentions":["JavierVillamor"],"tweet_urls":[],"tweet_emoticons":[],"tweet_date":"2021-09-22T23:00:00","geolocation":null}
{"poi_name":"","poi_id":"","verified":false,"country":"Mexico","id":"1440808801360179206","replied_to_tweet_id":null,"replied_to_user_id":null,"reply_text":"","tweet_text":"RT @sanidadgob: \ud83d\udd35Actualizaci\u00f3n del informe de actividad de #vacunaci\u00f3n en Espa\u00f1a: https:\/\/t.co\/3iNnCrlLHl\n\n\ud83d\udda5Cuadro de mando: https:\/\/t.co\/5\u2026","tweet_lang":"es","text_es":"RT  Actualizaci\u00f3n del informe de actividad de  en Espa\u00f1a \n\nCuadro de mando httpstco5\u2026","hashtags":["vacunaci\u00f3n"],"mentions":["sanidadgob"],"tweet_urls":["https:\/\/t.co\/3iNnCrlLHl"],"tweet_emoticons":["\ud83d\udd35","\ud83d\udda5"],"tweet_date":"2021-09-22T23:00:00","geolocation":null}
{"poi_name":"","poi_id":"","verified":true,"country":"Mexico","id":"1440808708267597832","replied_to_tweet_id":null,"replied_to_user_id":null,"reply_text":"","tweet_text":"RT @JavierVillamor: \u00bfOs pondr\u00edais una tercera o cuarta dosis, o la que sea, si las autoridades lo recomiendan?\n\n#VacunaCOVID19 #vacuna #YoM\u2026","tweet_lang":"es","text_es":"RT  \u00bfOs pondr\u00edais una tercera o cuarta dosis o la que sea si las autoridades lo recomiendan\n\n  YoM\u2026","hashtags":["VacunaCOVID19","vacuna"],"mentions":["JavierVillamor"],"tweet_urls":[],"tweet_emoticons":[],"tweet_date":"2021-09-22T23:00:00","geolocation":null}
{"poi_name":"","poi_id":"","verified":false,"country":"Mexico","id":"1440808665192165384","replied_to_tweet_id":null,"replied_to_user_id":null,"reply_text":"","tweet_text":"RT @sanidadgob: \ud83d\udce3Actualizaci\u00f3n de datos de #COVID19\nhttps:\/\/t.co\/I6pynLYetk\n\n \ud83d\ude37Infograf\u00edas y otros materiales sobre el coronavirus:\nhttps:\/\u2026","tweet_lang":"es","text_es":"RT  Actualizaci\u00f3n de datos de \n\n\n Infograf\u00edas y otros materiales sobre el coronavirus\nhttps\u2026","hashtags":["COVID19"],"mentions":["sanidadgob"],"tweet_urls":["https:\/\/t.co\/I6pynLYetk"],"tweet_emoticons":["\ud83d\ude37","\ud83d\udce3"],"tweet_date":"2021-09-22T23:00:00","geolocation":null}
{"poi_name":"","poi_id":"","verified":false,"country":"Mexico","id":"1440807731330383875","replied_to_tweet_id":null,"replied_to_user_id":null,"reply_text":"","tweet_text":"RT @JavierVillamor: \u00bfOs pondr\u00edais una tercera o cuarta dosis, o la que sea, si las autoridades lo recomiendan?\n\n#VacunaCOVID19 #vacuna #YoM\u2026","tweet_lang":"es","text_es":"RT  \u00bfOs pondr\u00edais una tercera o cuarta dosis o la que sea si las autoridades lo recomiendan\n\n  YoM\u2026","hashtags":["VacunaCOVID19","vacuna"],"mentions":["JavierVillamor"],"tweet_urls":[],"tweet_emoticons":[],"tweet_date":"2021-09-22T23:00:00","geolocation":null}
{"poi_name":"","poi_id":"","verified":false,"country":"Mexico","id":"1440805786104393728","replied_to_tweet_id":null,"replied_to_user_id":null,"reply_text":"","tweet_text":"RT @sanidadgob: \ud83d\udcfa@CarolinaDarias \u27a1\ufe0f En nuestro pa\u00eds, 4 de cada 5 personas ha recibido, al menos, una dosis de #VacunaCOVID19 \n\n\u25b6\ufe0f El 76,3%\u2026","tweet_lang":"es","text_es":"RT   \u27a1\ufe0f En nuestro pa\u00eds 4 de cada 5 personas ha recibido al menos una dosis de  \n\n\u25b6\ufe0f El 763\u2026","hashtags":["VacunaCOVID19"],"mentions":["sanidadgob","CarolinaDarias"],"tweet_urls":[],"tweet_emoticons":["\u27a1\ufe0f","\ud83d\udcfa","\u25b6\ufe0f"],"tweet_date":"2021-09-22T23:00:00","geolocation":null}
{"poi_name":"","poi_id":"","verified":false,"country":"Mexico","id":"1440804133791932418","replied_to_tweet_id":null,"replied_to_user_id":null,"reply_text":"","tweet_text":"RT @JavierVillamor: \u00bfOs pondr\u00edais una tercera o cuarta dosis, o la que sea, si las autoridades lo recomiendan?\n\n#VacunaCOVID19 #vacuna #YoM\u2026","tweet_lang":"es","text_es":"RT  \u00bfOs pondr\u00edais una tercera o cuarta dosis o la que sea si las autoridades lo recomiendan\n\n  YoM\u2026","hashtags":["VacunaCOVID19","vacuna"],"mentions":["JavierVillamor"],"tweet_urls":[],"tweet_emoticons":[],"tweet_date":"2021-09-22T22:00:00","geolocation":null}
{"poi_name":"","poi_id":"","verified":false,"country":"Mexico","id":"1440801278167158788","replied_to_tweet_id":null,"replied_to_user_id":null,"reply_text":"","tweet_text":"RT @sanidadgob: \ud83d\udce3Actualizaci\u00f3n de datos de #COVID19\nhttps:\/\/t.co\/I6pynLYetk\n\n \ud83d\ude37Infograf\u00edas y otros materiales sobre el coronavirus:\nhttps:\/\u2026","tweet_lang":"es","text_es":"RT  Actualizaci\u00f3n de datos de \n\n\n Infograf\u00edas y otros materiales sobre el coronavirus\nhttps\u2026","hashtags":["COVID19"],"mentions":["sanidadgob"],"tweet_urls":["https:\/\/t.co\/I6pynLYetk"],"tweet_emoticons":["\ud83d\ude37","\ud83d\udce3"],"tweet_date":"2021-09-22T22:00:00","geolocation":null}
{"poi_name":"","poi_id":"","verified":false,"country":"Mexico","id":"1440801258151964674","replied_to_tweet_id":null,"replied_to_user_id":null,"reply_text":"","tweet_text":"RT @sanidadgob: \ud83d\udd35Actualizaci\u00f3n del informe de actividad de #vacunaci\u00f3n en Espa\u00f1a: https:\/\/t.co\/3iNnCrlLHl\n\n\ud83d\udda5Cuadro de mando: https:\/\/t.co\/5\u2026","tweet_lang":"es","text_es":"RT  Actualizaci\u00f3n del informe de actividad de  en Espa\u00f1a \n\nCuadro de mando httpstco5\u2026","hashtags":["vacunaci\u00f3n"],"mentions":["sanidadgob"],"tweet_urls":["https:\/\/t.co\/3iNnCrlLHl"],"tweet_emoticons":["\ud83d\udd35","\ud83d\udda5"],"tweet_date":"2021-09-22T22:00:00","geolocation":null}
{"poi_name":"","poi_id":"","verified":false,"country":"Mexico","id":"1440799470254313483","replied_to_tweet_id":null,"replied_to_user_id":null,"reply_text":"","tweet_text":"RT @sanidadgob: \ud83d\udcfa@CarolinaDarias \u27a1\ufe0f En nuestro pa\u00eds, 4 de cada 5 personas ha recibido, al menos, una dosis de #VacunaCOVID19 \n\n\u25b6\ufe0f El 76,3%\u2026","tweet_lang":"es","text_es":"RT   \u27a1\ufe0f En nuestro pa\u00eds 4 de cada 5 personas ha recibido al menos una dosis de  \n\n\u25b6\ufe0f El 763\u2026","hashtags":["VacunaCOVID19"],"mentions":["sanidadgob","CarolinaDarias"],"tweet_urls":[],"tweet_emoticons":["\u27a1\ufe0f","\ud83d\udcfa","\u25b6\ufe0f"],"tweet_date":"2021-09-22T22:00:00","geolocation":null}
{"poi_name":"","poi_id":"","verified":false,"country":"Mexico","id":"1440797658189221892","replied_to_tweet_id":null,"replied_to_user_id":null,"reply_text":"","tweet_text":"RT @sanidadgob: \ud83d\udd34 \u00bfQu\u00e9 sabemos hasta ahora de la #VacunaCOVID19 y los cambios en la menstruaci\u00f3n?\n\nOlga Oc\u00f3n Hern\u00e1ndez nos lo cuenta en un\u2026","tweet_lang":"es","text_es":"RT   \u00bfQu\u00e9 sabemos hasta ahora de la  y los cambios en la menstruaci\u00f3n\n\nOlga Oc\u00f3n Hern\u00e1ndez nos lo cuenta en un\u2026","hashtags":["VacunaCOVID19"],"mentions":["sanidadgob"],"tweet_urls":[],"tweet_emoticons":["\ud83d\udd34"],"tweet_date":"2021-09-22T22:00:00","geolocation":null}
{"poi_name":"","poi_id":"","verified":false,"country":"Mexico","id":"1440796954414313478","replied_to_tweet_id":null,"replied_to_user_id":null,"reply_text":"","tweet_text":"RT @JavierVillamor: \u00bfOs pondr\u00edais una tercera o cuarta dosis, o la que sea, si las autoridades lo recomiendan?\n\n#VacunaCOVID19 #vacuna #YoM\u2026","tweet_lang":"es","text_es":"RT  \u00bfOs pondr\u00edais una tercera o cuarta dosis o la que sea si las autoridades lo recomiendan\n\n  YoM\u2026","hashtags":["VacunaCOVID19","vacuna"],"mentions":["JavierVillamor"],"tweet_urls":[],"tweet_emoticons":[],"tweet_date":"2021-09-22T22:00:00","geolocation":null}
{"poi_name":"","poi_id":"","verified":false,"country":"Mexico","id":"1440796307115831304","replied_to_tweet_id":null,"replied_to_user_id":null,"reply_text":"","tweet_text":"RT @JavierVillamor: \u00bfOs pondr\u00edais una tercera o cuarta dosis, o la que sea, si las autoridades lo recomiendan?\n\n#VacunaCOVID19 #vacuna #YoM\u2026","tweet_lang":"es","text_es":"RT  \u00bfOs pondr\u00edais una tercera o cuarta dosis o la que sea si las autoridades lo recomiendan\n\n  YoM\u2026","hashtags":["VacunaCOVID19","vacuna"],"mentions":["JavierVillamor"],"tweet_urls":[],"tweet_emoticons":[],"tweet_date":"2021-09-22T22:00:00","geolocation":null}
{"poi_name":"","poi_id":"","verified":false,"country":"Mexico","id":"1440795951208153090","replied_to_tweet_id":null,"replied_to_user_id":null,"reply_text":"","tweet_text":"RT @sanidadgob: \ud83d\udcfa@CarolinaDarias \u27a1\ufe0f En nuestro pa\u00eds, 4 de cada 5 personas ha recibido, al menos, una dosis de #VacunaCOVID19 \n\n\u25b6\ufe0f El 76,3%\u2026","tweet_lang":"es","text_es":"RT   \u27a1\ufe0f En nuestro pa\u00eds 4 de cada 5 personas ha recibido al menos una dosis de  \n\n\u25b6\ufe0f El 763\u2026","hashtags":["VacunaCOVID19"],"mentions":["sanidadgob","CarolinaDarias"],"tweet_urls":[],"tweet_emoticons":["\u27a1\ufe0f","\ud83d\udcfa","\u25b6\ufe0f"],"tweet_date":"2021-09-22T22:00:00","geolocation":null}
{"poi_name":"","poi_id":"","verified":false,"country":"Mexico","id":"1440794165734895616","replied_to_tweet_id":null,"replied_to_user_id":null,"reply_text":"","tweet_text":"RT @JavierVillamor: \u00bfOs pondr\u00edais una tercera o cuarta dosis, o la que sea, si las autoridades lo recomiendan?\n\n#VacunaCOVID19 #vacuna #YoM\u2026","tweet_lang":"es","text_es":"RT  \u00bfOs pondr\u00edais una tercera o cuarta dosis o la que sea si las autoridades lo recomiendan\n\n  YoM\u2026","hashtags":["VacunaCOVID19","vacuna"],"mentions":["JavierVillamor"],"tweet_urls":[],"tweet_emoticons":[],"tweet_date":"2021-09-22T22:00:00","geolocation":null}
{"poi_name":"","poi_id":"","verified":false,"country":"Mexico","id":"1440793985119707139","replied_to_tweet_id":null,"replied_to_user_id":null,"reply_text":"","tweet_text":"RT @JavierVillamor: \u00bfOs pondr\u00edais una tercera o cuarta dosis, o la que sea, si las autoridades lo recomiendan?\n\n#VacunaCOVID19 #vacuna #YoM\u2026","tweet_lang":"es","text_es":"RT  \u00bfOs pondr\u00edais una tercera o cuarta dosis o la que sea si las autoridades lo recomiendan\n\n  YoM\u2026","hashtags":["VacunaCOVID19","vacuna"],"mentions":["JavierVillamor"],"tweet_urls":[],"tweet_emoticons":[],"tweet_date":"2021-09-22T22:00:00","geolocation":null}
{"poi_name":"","poi_id":"","verified":false,"country":"Mexico","id":"1440792947348283394","replied_to_tweet_id":null,"replied_to_user_id":null,"reply_text":"","tweet_text":"RT @sanidadgob: \ud83d\udcfa@CarolinaDarias \u27a1\ufe0f En nuestro pa\u00eds, 4 de cada 5 personas ha recibido, al menos, una dosis de #VacunaCOVID19 \n\n\u25b6\ufe0f El 76,3%\u2026","tweet_lang":"es","text_es":"RT   \u27a1\ufe0f En nuestro pa\u00eds 4 de cada 5 personas ha recibido al menos una dosis de  \n\n\u25b6\ufe0f El 763\u2026","hashtags":["VacunaCOVID19"],"mentions":["sanidadgob","CarolinaDarias"],"tweet_urls":[],"tweet_emoticons":["\u27a1\ufe0f","\ud83d\udcfa","\u25b6\ufe0f"],"tweet_date":"2021-09-22T22:00:00","geolocation":null}
{"poi_name":"","poi_id":"","verified":false,"country":"Mexico","id":"1440792844399046659","replied_to_tweet_id":null,"replied_to_user_id":null,"reply_text":"","tweet_text":"RT @JavierVillamor: \u00bfOs pondr\u00edais una tercera o cuarta dosis, o la que sea, si las autoridades lo recomiendan?\n\n#VacunaCOVID19 #vacuna #YoM\u2026","tweet_lang":"es","text_es":"RT  \u00bfOs pondr\u00edais una tercera o cuarta dosis o la que sea si las autoridades lo recomiendan\n\n  YoM\u2026","hashtags":["VacunaCOVID19","vacuna"],"mentions":["JavierVillamor"],"tweet_urls":[],"tweet_emoticons":[],"tweet_date":"2021-09-22T22:00:00","geolocation":null}
{"poi_name":"","poi_id":"","verified":false,"country":"Mexico","id":"1440791443954540544","replied_to_tweet_id":null,"replied_to_user_id":null,"reply_text":"","tweet_text":"RT @sanidadgob: \ud83d\udd34 \u00bfQu\u00e9 sabemos hasta ahora de la #VacunaCOVID19 y los cambios en la menstruaci\u00f3n?\n\nOlga Oc\u00f3n Hern\u00e1ndez nos lo cuenta en un\u2026","tweet_lang":"es","text_es":"RT   \u00bfQu\u00e9 sabemos hasta ahora de la  y los cambios en la menstruaci\u00f3n\n\nOlga Oc\u00f3n Hern\u00e1ndez nos lo cuenta en un\u2026","hashtags":["VacunaCOVID19"],"mentions":["sanidadgob"],"tweet_urls":[],"tweet_emoticons":["\ud83d\udd34"],"tweet_date":"2021-09-22T22:00:00","geolocation":null}
{"poi_name":"","poi_id":"","verified":false,"country":"Mexico","id":"1440791091674972172","replied_to_tweet_id":null,"replied_to_user_id":null,"reply_text":"","tweet_text":"RT @JavierVillamor: \u00bfOs pondr\u00edais una tercera o cuarta dosis, o la que sea, si las autoridades lo recomiendan?\n\n#VacunaCOVID19 #vacuna #YoM\u2026","tweet_lang":"es","text_es":"RT  \u00bfOs pondr\u00edais una tercera o cuarta dosis o la que sea si las autoridades lo recomiendan\n\n  YoM\u2026","hashtags":["VacunaCOVID19","vacuna"],"mentions":["JavierVillamor"],"tweet_urls":[],"tweet_emoticons":[],"tweet_date":"2021-09-22T22:00:00","geolocation":null}
{"poi_name":"","poi_id":"","verified":false,"country":"Mexico","id":"1440790929351188481","replied_to_tweet_id":null,"replied_to_user_id":null,"reply_text":"","tweet_text":"RT @sanidadgob: \ud83d\udcfa@CarolinaDarias \u27a1\ufe0f En nuestro pa\u00eds, 4 de cada 5 personas ha recibido, al menos, una dosis de #VacunaCOVID19 \n\n\u25b6\ufe0f El 76,3%\u2026","tweet_lang":"es","text_es":"RT   \u27a1\ufe0f En nuestro pa\u00eds 4 de cada 5 personas ha recibido al menos una dosis de  \n\n\u25b6\ufe0f El 763\u2026","hashtags":["VacunaCOVID19"],"mentions":["sanidadgob","CarolinaDarias"],"tweet_urls":[],"tweet_emoticons":["\u27a1\ufe0f","\ud83d\udcfa","\u25b6\ufe0f"],"tweet_date":"2021-09-22T22:00:00","geolocation":null}
{"poi_name":"","poi_id":"","verified":false,"country":"Mexico","id":"1440790832374636549","replied_to_tweet_id":null,"replied_to_user_id":null,"reply_text":"","tweet_text":"RT @JavierVillamor: \u00bfOs pondr\u00edais una tercera o cuarta dosis, o la que sea, si las autoridades lo recomiendan?\n\n#VacunaCOVID19 #vacuna #YoM\u2026","tweet_lang":"es","text_es":"RT  \u00bfOs pondr\u00edais una tercera o cuarta dosis o la que sea si las autoridades lo recomiendan\n\n  YoM\u2026","hashtags":["VacunaCOVID19","vacuna"],"mentions":["JavierVillamor"],"tweet_urls":[],"tweet_emoticons":[],"tweet_date":"2021-09-22T22:00:00","geolocation":null}
{"poi_name":"","poi_id":"","verified":false,"country":"Mexico","id":"1440790660529885189","replied_to_tweet_id":null,"replied_to_user_id":null,"reply_text":"","tweet_text":"RT @JavierVillamor: \u00bfOs pondr\u00edais una tercera o cuarta dosis, o la que sea, si las autoridades lo recomiendan?\n\n#VacunaCOVID19 #vacuna #YoM\u2026","tweet_lang":"es","text_es":"RT  \u00bfOs pondr\u00edais una tercera o cuarta dosis o la que sea si las autoridades lo recomiendan\n\n  YoM\u2026","hashtags":["VacunaCOVID19","vacuna"],"mentions":["JavierVillamor"],"tweet_urls":[],"tweet_emoticons":[],"tweet_date":"2021-09-22T22:00:00","geolocation":null}
{"poi_name":"","poi_id":"","verified":false,"country":"Mexico","id":"1440790118655160331","replied_to_tweet_id":null,"replied_to_user_id":null,"reply_text":"","tweet_text":"RT @sanidadgob: \ud83d\udcfa@CarolinaDarias \u27a1\ufe0f En nuestro pa\u00eds, 4 de cada 5 personas ha recibido, al menos, una dosis de #VacunaCOVID19 \n\n\u25b6\ufe0f El 76,3%\u2026","tweet_lang":"es","text_es":"RT   \u27a1\ufe0f En nuestro pa\u00eds 4 de cada 5 personas ha recibido al menos una dosis de  \n\n\u25b6\ufe0f El 763\u2026","hashtags":["VacunaCOVID19"],"mentions":["sanidadgob","CarolinaDarias"],"tweet_urls":[],"tweet_emoticons":["\u27a1\ufe0f","\ud83d\udcfa","\u25b6\ufe0f"],"tweet_date":"2021-09-22T21:00:00","geolocation":null}
{"poi_name":"","poi_id":"","verified":false,"country":"Mexico","id":"1440786050545176580","replied_to_tweet_id":null,"replied_to_user_id":null,"reply_text":"","tweet_text":"RT @JavierVillamor: \u00bfOs pondr\u00edais una tercera o cuarta dosis, o la que sea, si las autoridades lo recomiendan?\n\n#VacunaCOVID19 #vacuna #YoM\u2026","tweet_lang":"es","text_es":"RT  \u00bfOs pondr\u00edais una tercera o cuarta dosis o la que sea si las autoridades lo recomiendan\n\n  YoM\u2026","hashtags":["VacunaCOVID19","vacuna"],"mentions":["JavierVillamor"],"tweet_urls":[],"tweet_emoticons":[],"tweet_date":"2021-09-22T21:00:00","geolocation":null}
{"poi_name":"","poi_id":"","verified":false,"country":"Mexico","id":"1440785955460321284","replied_to_tweet_id":null,"replied_to_user_id":null,"reply_text":"","tweet_text":"RT @sanidadgob: \ud83d\udce3Actualizaci\u00f3n de datos de #COVID19\nhttps:\/\/t.co\/I6pynLYetk\n\n \ud83d\ude37Infograf\u00edas y otros materiales sobre el coronavirus:\nhttps:\/\u2026","tweet_lang":"es","text_es":"RT  Actualizaci\u00f3n de datos de \n\n\n Infograf\u00edas y otros materiales sobre el coronavirus\nhttps\u2026","hashtags":["COVID19"],"mentions":["sanidadgob"],"tweet_urls":["https:\/\/t.co\/I6pynLYetk"],"tweet_emoticons":["\ud83d\ude37","\ud83d\udce3"],"tweet_date":"2021-09-22T21:00:00","geolocation":null}
{"poi_name":"","poi_id":"","verified":false,"country":"Mexico","id":"1440785866067038220","replied_to_tweet_id":null,"replied_to_user_id":null,"reply_text":"","tweet_text":"RT @sanidadgob: \ud83d\udd35Actualizaci\u00f3n del informe de actividad de #vacunaci\u00f3n en Espa\u00f1a: https:\/\/t.co\/3iNnCrlLHl\n\n\ud83d\udda5Cuadro de mando: https:\/\/t.co\/5\u2026","tweet_lang":"es","text_es":"RT  Actualizaci\u00f3n del informe de actividad de  en Espa\u00f1a \n\nCuadro de mando httpstco5\u2026","hashtags":["vacunaci\u00f3n"],"mentions":["sanidadgob"],"tweet_urls":["https:\/\/t.co\/3iNnCrlLHl"],"tweet_emoticons":["\ud83d\udd35","\ud83d\udda5"],"tweet_date":"2021-09-22T21:00:00","geolocation":null}
{"poi_name":"","poi_id":"","verified":false,"country":"Mexico","id":"1440785769400995848","replied_to_tweet_id":null,"replied_to_user_id":null,"reply_text":"","tweet_text":"RT @JavierVillamor: \u00bfOs pondr\u00edais una tercera o cuarta dosis, o la que sea, si las autoridades lo recomiendan?\n\n#VacunaCOVID19 #vacuna #YoM\u2026","tweet_lang":"es","text_es":"RT  \u00bfOs pondr\u00edais una tercera o cuarta dosis o la que sea si las autoridades lo recomiendan\n\n  YoM\u2026","hashtags":["VacunaCOVID19","vacuna"],"mentions":["JavierVillamor"],"tweet_urls":[],"tweet_emoticons":[],"tweet_date":"2021-09-22T21:00:00","geolocation":null}
{"poi_name":"","poi_id":"","verified":false,"country":"Mexico","id":"1440783782534008840","replied_to_tweet_id":null,"replied_to_user_id":null,"reply_text":"","tweet_text":"RT @JavierVillamor: \u00bfOs pondr\u00edais una tercera o cuarta dosis, o la que sea, si las autoridades lo recomiendan?\n\n#VacunaCOVID19 #vacuna #YoM\u2026","tweet_lang":"es","text_es":"RT  \u00bfOs pondr\u00edais una tercera o cuarta dosis o la que sea si las autoridades lo recomiendan\n\n  YoM\u2026","hashtags":["VacunaCOVID19","vacuna"],"mentions":["JavierVillamor"],"tweet_urls":[],"tweet_emoticons":[],"tweet_date":"2021-09-22T21:00:00","geolocation":null}
{"poi_name":"","poi_id":"","verified":false,"country":"Mexico","id":"1440783516275408902","replied_to_tweet_id":null,"replied_to_user_id":null,"reply_text":"","tweet_text":"RT @sanidadgob: \ud83d\udcfa@CarolinaDarias \u27a1\ufe0f En nuestro pa\u00eds, 4 de cada 5 personas ha recibido, al menos, una dosis de #VacunaCOVID19 \n\n\u25b6\ufe0f El 76,3%\u2026","tweet_lang":"es","text_es":"RT   \u27a1\ufe0f En nuestro pa\u00eds 4 de cada 5 personas ha recibido al menos una dosis de  \n\n\u25b6\ufe0f El 763\u2026","hashtags":["VacunaCOVID19"],"mentions":["sanidadgob","CarolinaDarias"],"tweet_urls":[],"tweet_emoticons":["\u27a1\ufe0f","\ud83d\udcfa","\u25b6\ufe0f"],"tweet_date":"2021-09-22T21:00:00","geolocation":null}
{"poi_name":"","poi_id":"","verified":false,"country":"Mexico","id":"1440783045187936260","replied_to_tweet_id":null,"replied_to_user_id":null,"reply_text":"","tweet_text":"RT @JavierVillamor: \u00bfOs pondr\u00edais una tercera o cuarta dosis, o la que sea, si las autoridades lo recomiendan?\n\n#VacunaCOVID19 #vacuna #YoM\u2026","tweet_lang":"es","text_es":"RT  \u00bfOs pondr\u00edais una tercera o cuarta dosis o la que sea si las autoridades lo recomiendan\n\n  YoM\u2026","hashtags":["VacunaCOVID19","vacuna"],"mentions":["JavierVillamor"],"tweet_urls":[],"tweet_emoticons":[],"tweet_date":"2021-09-22T21:00:00","geolocation":null}
{"poi_name":"","poi_id":"","verified":false,"country":"Mexico","id":"1440782469511335950","replied_to_tweet_id":null,"replied_to_user_id":null,"reply_text":"","tweet_text":"RT @JavierVillamor: \u00bfOs pondr\u00edais una tercera o cuarta dosis, o la que sea, si las autoridades lo recomiendan?\n\n#VacunaCOVID19 #vacuna #YoM\u2026","tweet_lang":"es","text_es":"RT  \u00bfOs pondr\u00edais una tercera o cuarta dosis o la que sea si las autoridades lo recomiendan\n\n  YoM\u2026","hashtags":["VacunaCOVID19","vacuna"],"mentions":["JavierVillamor"],"tweet_urls":[],"tweet_emoticons":[],"tweet_date":"2021-09-22T21:00:00","geolocation":null}
{"poi_name":"","poi_id":"","verified":false,"country":"Mexico","id":"1440781955562283010","replied_to_tweet_id":null,"replied_to_user_id":null,"reply_text":"","tweet_text":"RT @sanidadgob: \ud83d\udd34 \u00bfQu\u00e9 sabemos hasta ahora de la #VacunaCOVID19 y los cambios en la menstruaci\u00f3n?\n\nOlga Oc\u00f3n Hern\u00e1ndez nos lo cuenta en un\u2026","tweet_lang":"es","text_es":"RT   \u00bfQu\u00e9 sabemos hasta ahora de la  y los cambios en la menstruaci\u00f3n\n\nOlga Oc\u00f3n Hern\u00e1ndez nos lo cuenta en un\u2026","hashtags":["VacunaCOVID19"],"mentions":["sanidadgob"],"tweet_urls":[],"tweet_emoticons":["\ud83d\udd34"],"tweet_date":"2021-09-22T21:00:00","geolocation":null}
{"poi_name":"","poi_id":"","verified":false,"country":"Mexico","id":"1440781723759878152","replied_to_tweet_id":null,"replied_to_user_id":null,"reply_text":"","tweet_text":"RT @sanidadgob: \ud83d\udd35Actualizaci\u00f3n del informe de actividad de #vacunaci\u00f3n en Espa\u00f1a: https:\/\/t.co\/3iNnCrlLHl\n\n\ud83d\udda5Cuadro de mando: https:\/\/t.co\/5\u2026","tweet_lang":"es","text_es":"RT  Actualizaci\u00f3n del informe de actividad de  en Espa\u00f1a \n\nCuadro de mando httpstco5\u2026","hashtags":["vacunaci\u00f3n"],"mentions":["sanidadgob"],"tweet_urls":["https:\/\/t.co\/3iNnCrlLHl"],"tweet_emoticons":["\ud83d\udd35","\ud83d\udda5"],"tweet_date":"2021-09-22T21:00:00","geolocation":null}
{"poi_name":"","poi_id":"","verified":false,"country":"Mexico","id":"1440781087270076416","replied_to_tweet_id":null,"replied_to_user_id":null,"reply_text":"","tweet_text":"RT @sanidadgob: \ud83d\udcfa @CarolinaDarias \u27a1\ufe0f Espa\u00f1a va a incrementar su compromiso con la vacunaci\u00f3n solidaria llegando hasta los 30 millones de do\u2026","tweet_lang":"es","text_es":"RT    \u27a1\ufe0f Espa\u00f1a va a incrementar su compromiso con la vacunaci\u00f3n solidaria llegando hasta los 30 millones de do\u2026","hashtags":[],"mentions":["sanidadgob","CarolinaDarias"],"tweet_urls":[],"tweet_emoticons":["\u27a1\ufe0f","\ud83d\udcfa"],"tweet_date":"2021-09-22T21:00:00","geolocation":null}
{"poi_name":"","poi_id":"","verified":false,"country":"Mexico","id":"1440780979086323718","replied_to_tweet_id":null,"replied_to_user_id":null,"reply_text":"","tweet_text":"RT @sanidadgob: \ud83d\udce3Actualizaci\u00f3n de datos de #COVID19\nhttps:\/\/t.co\/I6pynLYetk\n\n \ud83d\ude37Infograf\u00edas y otros materiales sobre el coronavirus:\nhttps:\/\u2026","tweet_lang":"es","text_es":"RT  Actualizaci\u00f3n de datos de \n\n\n Infograf\u00edas y otros materiales sobre el coronavirus\nhttps\u2026","hashtags":["COVID19"],"mentions":["sanidadgob"],"tweet_urls":["https:\/\/t.co\/I6pynLYetk"],"tweet_emoticons":["\ud83d\ude37","\ud83d\udce3"],"tweet_date":"2021-09-22T21:00:00","geolocation":null}
{"poi_name":"","poi_id":"","verified":false,"country":"Mexico","id":"1440780932177301505","replied_to_tweet_id":null,"replied_to_user_id":null,"reply_text":"","tweet_text":"RT @sanidadgob: \ud83d\udd35Actualizaci\u00f3n del informe de actividad de #vacunaci\u00f3n en Espa\u00f1a: https:\/\/t.co\/3iNnCrlLHl\n\n\ud83d\udda5Cuadro de mando: https:\/\/t.co\/5\u2026","tweet_lang":"es","text_es":"RT  Actualizaci\u00f3n del informe de actividad de  en Espa\u00f1a \n\nCuadro de mando httpstco5\u2026","hashtags":["vacunaci\u00f3n"],"mentions":["sanidadgob"],"tweet_urls":["https:\/\/t.co\/3iNnCrlLHl"],"tweet_emoticons":["\ud83d\udd35","\ud83d\udda5"],"tweet_date":"2021-09-22T21:00:00","geolocation":null}
{"poi_name":"","poi_id":"","verified":false,"country":"Mexico","id":"1440780874623062016","replied_to_tweet_id":null,"replied_to_user_id":null,"reply_text":"","tweet_text":"RT @sanidadgob: \ud83d\udd35Actualizaci\u00f3n del informe de actividad de #vacunaci\u00f3n en Espa\u00f1a: https:\/\/t.co\/3iNnCrlLHl\n\n\ud83d\udda5Cuadro de mando: https:\/\/t.co\/5\u2026","tweet_lang":"es","text_es":"RT  Actualizaci\u00f3n del informe de actividad de  en Espa\u00f1a \n\nCuadro de mando httpstco5\u2026","hashtags":["vacunaci\u00f3n"],"mentions":["sanidadgob"],"tweet_urls":["https:\/\/t.co\/3iNnCrlLHl"],"tweet_emoticons":["\ud83d\udd35","\ud83d\udda5"],"tweet_date":"2021-09-22T21:00:00","geolocation":null}
{"poi_name":"","poi_id":"","verified":false,"country":"Mexico","id":"1440780704128724996","replied_to_tweet_id":null,"replied_to_user_id":null,"reply_text":"","tweet_text":"RT @sanidadgob: \ud83d\udce3Actualizaci\u00f3n de datos de #COVID19\nhttps:\/\/t.co\/I6pynLYetk\n\n \ud83d\ude37Infograf\u00edas y otros materiales sobre el coronavirus:\nhttps:\/\u2026","tweet_lang":"es","text_es":"RT  Actualizaci\u00f3n de datos de \n\n\n Infograf\u00edas y otros materiales sobre el coronavirus\nhttps\u2026","hashtags":["COVID19"],"mentions":["sanidadgob"],"tweet_urls":["https:\/\/t.co\/I6pynLYetk"],"tweet_emoticons":["\ud83d\ude37","\ud83d\udce3"],"tweet_date":"2021-09-22T21:00:00","geolocation":null}
{"poi_name":"","poi_id":"","verified":false,"country":"Mexico","id":"1440780467767181312","replied_to_tweet_id":null,"replied_to_user_id":null,"reply_text":"","tweet_text":"RT @sanidadgob: \ud83d\udd35Actualizaci\u00f3n del informe de actividad de #vacunaci\u00f3n en Espa\u00f1a: https:\/\/t.co\/3iNnCrlLHl\n\n\ud83d\udda5Cuadro de mando: https:\/\/t.co\/5\u2026","tweet_lang":"es","text_es":"RT  Actualizaci\u00f3n del informe de actividad de  en Espa\u00f1a \n\nCuadro de mando httpstco5\u2026","hashtags":["vacunaci\u00f3n"],"mentions":["sanidadgob"],"tweet_urls":["https:\/\/t.co\/3iNnCrlLHl"],"tweet_emoticons":["\ud83d\udd35","\ud83d\udda5"],"tweet_date":"2021-09-22T21:00:00","geolocation":null}
{"poi_name":"","poi_id":"","verified":false,"country":"Mexico","id":"1440780438704775173","replied_to_tweet_id":null,"replied_to_user_id":null,"reply_text":"","tweet_text":"RT @JavierVillamor: \u00bfOs pondr\u00edais una tercera o cuarta dosis, o la que sea, si las autoridades lo recomiendan?\n\n#VacunaCOVID19 #vacuna #YoM\u2026","tweet_lang":"es","text_es":"RT  \u00bfOs pondr\u00edais una tercera o cuarta dosis o la que sea si las autoridades lo recomiendan\n\n  YoM\u2026","hashtags":["VacunaCOVID19","vacuna"],"mentions":["JavierVillamor"],"tweet_urls":[],"tweet_emoticons":[],"tweet_date":"2021-09-22T21:00:00","geolocation":null}
{"poi_name":"","poi_id":"","verified":false,"country":"Mexico","id":"1440780260803416066","replied_to_tweet_id":null,"replied_to_user_id":null,"reply_text":"","tweet_text":"RT @sanidadgob: \ud83d\udcfa @CarolinaDarias \u27a1\ufe0f Espa\u00f1a va a incrementar su compromiso con la vacunaci\u00f3n solidaria llegando hasta los 30 millones de do\u2026","tweet_lang":"es","text_es":"RT    \u27a1\ufe0f Espa\u00f1a va a incrementar su compromiso con la vacunaci\u00f3n solidaria llegando hasta los 30 millones de do\u2026","hashtags":[],"mentions":["sanidadgob","CarolinaDarias"],"tweet_urls":[],"tweet_emoticons":["\u27a1\ufe0f","\ud83d\udcfa"],"tweet_date":"2021-09-22T21:00:00","geolocation":null}
{"poi_name":"","poi_id":"","verified":false,"country":"Mexico","id":"1440780227760705539","replied_to_tweet_id":null,"replied_to_user_id":null,"reply_text":"","tweet_text":"RT @sanidadgob: \ud83d\udcfa@CarolinaDarias \u27a1\ufe0f En nuestro pa\u00eds, 4 de cada 5 personas ha recibido, al menos, una dosis de #VacunaCOVID19 \n\n\u25b6\ufe0f El 76,3%\u2026","tweet_lang":"es","text_es":"RT   \u27a1\ufe0f En nuestro pa\u00eds 4 de cada 5 personas ha recibido al menos una dosis de  \n\n\u25b6\ufe0f El 763\u2026","hashtags":["VacunaCOVID19"],"mentions":["sanidadgob","CarolinaDarias"],"tweet_urls":[],"tweet_emoticons":["\u27a1\ufe0f","\ud83d\udcfa","\u25b6\ufe0f"],"tweet_date":"2021-09-22T21:00:00","geolocation":null}
{"poi_name":"","poi_id":"","verified":false,"country":"Mexico","id":"1440779875443376130","replied_to_tweet_id":null,"replied_to_user_id":null,"reply_text":"","tweet_text":"RT @sanidadgob: \ud83d\udcfa@CarolinaDarias \u27a1\ufe0f En nuestro pa\u00eds, 4 de cada 5 personas ha recibido, al menos, una dosis de #VacunaCOVID19 \n\n\u25b6\ufe0f El 76,3%\u2026","tweet_lang":"es","text_es":"RT   \u27a1\ufe0f En nuestro pa\u00eds 4 de cada 5 personas ha recibido al menos una dosis de  \n\n\u25b6\ufe0f El 763\u2026","hashtags":["VacunaCOVID19"],"mentions":["sanidadgob","CarolinaDarias"],"tweet_urls":[],"tweet_emoticons":["\u27a1\ufe0f","\ud83d\udcfa","\u25b6\ufe0f"],"tweet_date":"2021-09-22T21:00:00","geolocation":null}
{"poi_name":"","poi_id":"","verified":false,"country":"Mexico","id":"1440779163397345283","replied_to_tweet_id":null,"replied_to_user_id":null,"reply_text":"","tweet_text":"RT @JavierVillamor: \u00bfOs pondr\u00edais una tercera o cuarta dosis, o la que sea, si las autoridades lo recomiendan?\n\n#VacunaCOVID19 #vacuna #YoM\u2026","tweet_lang":"es","text_es":"RT  \u00bfOs pondr\u00edais una tercera o cuarta dosis o la que sea si las autoridades lo recomiendan\n\n  YoM\u2026","hashtags":["VacunaCOVID19","vacuna"],"mentions":["JavierVillamor"],"tweet_urls":[],"tweet_emoticons":[],"tweet_date":"2021-09-22T21:00:00","geolocation":null}
{"poi_name":"","poi_id":"","verified":false,"country":"Mexico","id":"1440779107239747584","replied_to_tweet_id":null,"replied_to_user_id":null,"reply_text":"","tweet_text":"RT @sanidadgob: \ud83d\udce3Actualizaci\u00f3n de datos de #COVID19\nhttps:\/\/t.co\/I6pynLYetk\n\n \ud83d\ude37Infograf\u00edas y otros materiales sobre el coronavirus:\nhttps:\/\u2026","tweet_lang":"es","text_es":"RT  Actualizaci\u00f3n de datos de \n\n\n Infograf\u00edas y otros materiales sobre el coronavirus\nhttps\u2026","hashtags":["COVID19"],"mentions":["sanidadgob"],"tweet_urls":["https:\/\/t.co\/I6pynLYetk"],"tweet_emoticons":["\ud83d\ude37","\ud83d\udce3"],"tweet_date":"2021-09-22T21:00:00","geolocation":null}
{"poi_name":"","poi_id":"","verified":false,"country":"Mexico","id":"1440778763290091520","replied_to_tweet_id":null,"replied_to_user_id":null,"reply_text":"","tweet_text":"RT @JavierVillamor: \u00bfOs pondr\u00edais una tercera o cuarta dosis, o la que sea, si las autoridades lo recomiendan?\n\n#VacunaCOVID19 #vacuna #YoM\u2026","tweet_lang":"es","text_es":"RT  \u00bfOs pondr\u00edais una tercera o cuarta dosis o la que sea si las autoridades lo recomiendan\n\n  YoM\u2026","hashtags":["VacunaCOVID19","vacuna"],"mentions":["JavierVillamor"],"tweet_urls":[],"tweet_emoticons":[],"tweet_date":"2021-09-22T21:00:00","geolocation":null}
{"poi_name":"","poi_id":"","verified":false,"country":"Mexico","id":"1440778547962920963","replied_to_tweet_id":null,"replied_to_user_id":null,"reply_text":"","tweet_text":"RT @sanidadgob: \ud83d\udcfa@CarolinaDarias \u27a1\ufe0f En nuestro pa\u00eds, 4 de cada 5 personas ha recibido, al menos, una dosis de #VacunaCOVID19 \n\n\u25b6\ufe0f El 76,3%\u2026","tweet_lang":"es","text_es":"RT   \u27a1\ufe0f En nuestro pa\u00eds 4 de cada 5 personas ha recibido al menos una dosis de  \n\n\u25b6\ufe0f El 763\u2026","hashtags":["VacunaCOVID19"],"mentions":["sanidadgob","CarolinaDarias"],"tweet_urls":[],"tweet_emoticons":["\u27a1\ufe0f","\ud83d\udcfa","\u25b6\ufe0f"],"tweet_date":"2021-09-22T21:00:00","geolocation":null}
{"poi_name":"","poi_id":"","verified":false,"country":"Mexico","id":"1440778532766945286","replied_to_tweet_id":null,"replied_to_user_id":null,"reply_text":"","tweet_text":"RT @sanidadgob: \ud83d\udcfa@CarolinaDarias \u27a1\ufe0f En nuestro pa\u00eds, 4 de cada 5 personas ha recibido, al menos, una dosis de #VacunaCOVID19 \n\n\u25b6\ufe0f El 76,3%\u2026","tweet_lang":"es","text_es":"RT   \u27a1\ufe0f En nuestro pa\u00eds 4 de cada 5 personas ha recibido al menos una dosis de  \n\n\u25b6\ufe0f El 763\u2026","hashtags":["VacunaCOVID19"],"mentions":["sanidadgob","CarolinaDarias"],"tweet_urls":[],"tweet_emoticons":["\u27a1\ufe0f","\ud83d\udcfa","\u25b6\ufe0f"],"tweet_date":"2021-09-22T21:00:00","geolocation":null}
{"poi_name":"","poi_id":"","verified":false,"country":"Mexico","id":"1440778332937674752","replied_to_tweet_id":null,"replied_to_user_id":null,"reply_text":"","tweet_text":"RT @sanidadgob: \ud83d\udcfa @CarolinaDarias \u27a1\ufe0f Espa\u00f1a va a incrementar su compromiso con la vacunaci\u00f3n solidaria llegando hasta los 30 millones de do\u2026","tweet_lang":"es","text_es":"RT    \u27a1\ufe0f Espa\u00f1a va a incrementar su compromiso con la vacunaci\u00f3n solidaria llegando hasta los 30 millones de do\u2026","hashtags":[],"mentions":["sanidadgob","CarolinaDarias"],"tweet_urls":[],"tweet_emoticons":["\u27a1\ufe0f","\ud83d\udcfa"],"tweet_date":"2021-09-22T21:00:00","geolocation":null}
