{"poi_name":"","poi_id":"","verified":true,"country":"Mexico","id":"1440818561832734722","replied_to_tweet_id":null,"replied_to_user_id":null,"reply_text":"","tweet_text":"La #EstrategiaDeVacunaci\u00f3n sigue avanzando. El 23 y 24 aplicaremos la segunda dosis a adultos de 30 a 39 a\u00f1os en #Huehuetoca, #Xonacatl\u00e1n, #Otzolotepec, #Temoaya y #SanMateoAtenco https:\/\/t.co\/UP3bunaozs","tweet_lang":"es","text_es":"La  sigue avanzando El 23 y 24 aplicaremos la segunda dosis a adultos de 30 a 39 a\u00f1os en     y  ","hashtags":["EstrategiaDeVacunaci\u00f3n","Huehuetoca","Xonacatl\u00e1n","Otzolotepec","Temoaya","SanMateoAtenco"],"mentions":[],"tweet_urls":["https:\/\/t.co\/UP3bunaozs"],"tweet_emoticons":[],"tweet_date":"2021-09-22T23:00:00","geolocation":null}
{"poi_name":"","poi_id":"","verified":true,"country":"Mexico","id":"1440818434422439936","replied_to_tweet_id":null,"replied_to_user_id":null,"reply_text":"","tweet_text":"#EstrategiaDeVacunaci\u00f3n | El 23 y 24 de septiembre se aplicar\u00e1 la segunda dosis a los adultos de 30 a 39 a\u00f1os en #Huehuetoca, #Xonacatl\u00e1n, #Otzolotepec, #Temoaya y #SanMateoAtenco. \n\nhttps:\/\/t.co\/i5Zh5iTGP7 https:\/\/t.co\/8NPb55np0b","tweet_lang":"es","text_es":"  El 23 y 24 de septiembre se aplicar\u00e1 la segunda dosis a los adultos de 30 a 39 a\u00f1os en     y  \n\n ","hashtags":["EstrategiaDeVacunaci\u00f3n","Huehuetoca","Xonacatl\u00e1n","Otzolotepec","Temoaya","SanMateoAtenco"],"mentions":[],"tweet_urls":["https:\/\/t.co\/i5Zh5iTGP7","https:\/\/t.co\/8NPb55np0b"],"tweet_emoticons":[],"tweet_date":"2021-09-22T23:00:00","geolocation":null}
{"poi_name":"","poi_id":"","verified":true,"country":"Mexico","id":"1440817902689546242","replied_to_tweet_id":null,"replied_to_user_id":null,"reply_text":"","tweet_text":"Este 23 y 24 de septiembre estaremos aplicando la segunda dosis a los adultos de 30 a 39 a\u00f1os. \n#EstrategiaDeVacunaci\u00f3n https:\/\/t.co\/G5P30BYDEs","tweet_lang":"es","text_es":"Este 23 y 24 de septiembre estaremos aplicando la segunda dosis a los adultos de 30 a 39 a\u00f1os \n ","hashtags":["EstrategiaDeVacunaci\u00f3n"],"mentions":[],"tweet_urls":["https:\/\/t.co\/G5P30BYDEs"],"tweet_emoticons":[],"tweet_date":"2021-09-22T23:00:00","geolocation":null}
{"poi_name":"","poi_id":"","verified":true,"country":"Mexico","id":"1440816840540766211","replied_to_tweet_id":null,"replied_to_user_id":null,"reply_text":"","tweet_text":"#EstrategiaDeVacunaci\u00f3n | El 23 y 24 de septiembre estaremos aplicando la segunda dosis de la vacuna a los adultos de 40 a 49 a\u00f1os en #Amecameca y #Tlalmanalco. https:\/\/t.co\/JSf4BVFGGt","tweet_lang":"es","text_es":"  El 23 y 24 de septiembre estaremos aplicando la segunda dosis de la vacuna a los adultos de 40 a 49 a\u00f1os en  y  ","hashtags":["EstrategiaDeVacunaci\u00f3n","Amecameca","Tlalmanalco"],"mentions":[],"tweet_urls":["https:\/\/t.co\/JSf4BVFGGt"],"tweet_emoticons":[],"tweet_date":"2021-09-22T23:00:00","geolocation":null}
{"poi_name":"","poi_id":"","verified":false,"country":"Mexico","id":"1440816537787461634","replied_to_tweet_id":null,"replied_to_user_id":null,"reply_text":"","tweet_text":"\u261d\ud83c\udffbA partir de ma\u00f1ana 23 y hasta el 24 de septiembre se estar\u00e1 aplicando la segunda dosis \ud83d\udc89 a los adultos de 40 a 49 a\u00f1os en los municipios de #Amecameca y #Tlalmanalco. #EstrategiaDeVacunaci\u00f3n https:\/\/t.co\/40EIfFgnZt","tweet_lang":"es","text_es":"\u261d\ud83c\udffbA partir de ma\u00f1ana 23 y hasta el 24 de septiembre se estar\u00e1 aplicando la segunda dosis  a los adultos de 40 a 49 a\u00f1os en los municipios de  y   ","hashtags":["Amecameca","Tlalmanalco","EstrategiaDeVacunaci\u00f3n"],"mentions":[],"tweet_urls":["https:\/\/t.co\/40EIfFgnZt"],"tweet_emoticons":["\u261d\ud83c\udffb","\ud83d\udc89"],"tweet_date":"2021-09-22T23:00:00","geolocation":null}
{"poi_name":"","poi_id":"","verified":false,"country":"Mexico","id":"1440816506510606337","replied_to_tweet_id":null,"replied_to_user_id":null,"reply_text":"","tweet_text":"#EstrategiaDeVacunaci\u00f3n | El 23 y 24 de septiembre en #Huehuetoca, #Xonacatl\u00e1n, #Otzolotepec, #Temoaya y #SanMateoAtenco se aplicar\u00e1 la segunda dosis a los adultos de 30 a 39 a\u00f1os. https:\/\/t.co\/Y3PQKUB5iE","tweet_lang":"es","text_es":"  El 23 y 24 de septiembre en     y  se aplicar\u00e1 la segunda dosis a los adultos de 30 a 39 a\u00f1os ","hashtags":["EstrategiaDeVacunaci\u00f3n","Huehuetoca","Xonacatl\u00e1n","Otzolotepec","Temoaya","SanMateoAtenco"],"mentions":[],"tweet_urls":["https:\/\/t.co\/Y3PQKUB5iE"],"tweet_emoticons":[],"tweet_date":"2021-09-22T23:00:00","geolocation":null}
{"poi_name":"","poi_id":"","verified":true,"country":"Mexico","id":"1440816096693538816","replied_to_tweet_id":null,"replied_to_user_id":null,"reply_text":"","tweet_text":"El 23 y 24 de septiembre estaremos aplicando la segunda dosis a los adultos de 40 a 49 a\u00f1os en #Amecameca y #Tlalmanalco. #EstrategiaDeVacunaci\u00f3n https:\/\/t.co\/YAy9a9VBaQ","tweet_lang":"es","text_es":"El 23 y 24 de septiembre estaremos aplicando la segunda dosis a los adultos de 40 a 49 a\u00f1os en  y   httpstcoYAy9a9VBaQ","hashtags":["Amecameca","Tlalmanalco","EstrategiaDeVacunaci\u00f3n"],"mentions":[],"tweet_urls":[],"tweet_emoticons":[],"tweet_date":"2021-09-22T23:00:00","geolocation":null}
{"poi_name":"","poi_id":"","verified":true,"country":"Mexico","id":"1440815758661939207","replied_to_tweet_id":null,"replied_to_user_id":null,"reply_text":"","tweet_text":"Los d\u00edas 23 y 24 de septiembre se estar\u00e1 aplicando la segunda dosis a los adultos de 30 a 39 a\u00f1os en los municipios de #Huehuetoca, #Xonacatl\u00e1n, #Otzolotepec, #Temoaya y #SanMateoAtenco. #EstrategiaDeVacunaci\u00f3n\ud83d\udc89 https:\/\/t.co\/SLbVmc9iWl","tweet_lang":"es","text_es":"Los d\u00edas 23 y 24 de septiembre se estar\u00e1 aplicando la segunda dosis a los adultos de 30 a 39 a\u00f1os en los municipios de     y   ","hashtags":["Huehuetoca","Xonacatl\u00e1n","Otzolotepec","Temoaya","SanMateoAtenco","EstrategiaDeVacunaci\u00f3n"],"mentions":[],"tweet_urls":["https:\/\/t.co\/SLbVmc9iWl"],"tweet_emoticons":["\ud83d\udc89"],"tweet_date":"2021-09-22T23:00:00","geolocation":null}
{"poi_name":"","poi_id":"","verified":false,"country":"Mexico","id":"1440815617964007426","replied_to_tweet_id":1.440810634e+18,"replied_to_user_id":39860797.0,"reply_text":"","tweet_text":"@alfredodelmazo #Huehuetoca\n#Xonacatlan \n#Otzolotepec\n#Temoaya\n#SanMateoAtenco\nVamos aplicarnos la segunda dosis.\n#EstrategiaDeVacunaci\u00f3n","tweet_lang":"es","text_es":" \n \n\n\n\nVamos aplicarnos la segunda dosis\n","hashtags":["Huehuetoca","Xonacatlan","Otzolotepec","Temoaya","SanMateoAtenco","EstrategiaDeVacunaci\u00f3n"],"mentions":["alfredodelmazo"],"tweet_urls":[],"tweet_emoticons":[],"tweet_date":"2021-09-22T23:00:00","geolocation":null}
{"poi_name":"","poi_id":"","verified":true,"country":"Mexico","id":"1440813880658194433","replied_to_tweet_id":null,"replied_to_user_id":null,"reply_text":"","tweet_text":"\u00a1ATENCI\u00d3N! El 23 y 24 de septiembre estaremos aplicando la segunda dosis de la vacuna a los adultos de 30 a 39 a\u00f1os en #Huehuetoca, #Xonacatl\u00e1n, #Otzolotepec, #Temoaya y #SanMateoAtenco. #EstrategiaDeVacunaci\u00f3n https:\/\/t.co\/HuMGvKzaTO","tweet_lang":"es","text_es":"\u00a1ATENCI\u00d3N El 23 y 24 de septiembre estaremos aplicando la segunda dosis de la vacuna a los adultos de 30 a 39 a\u00f1os en     y   ","hashtags":["Huehuetoca","Xonacatl\u00e1n","Otzolotepec","Temoaya","SanMateoAtenco","EstrategiaDeVacunaci\u00f3n"],"mentions":[],"tweet_urls":["https:\/\/t.co\/HuMGvKzaTO"],"tweet_emoticons":[],"tweet_date":"2021-09-22T23:00:00","geolocation":null}
{"poi_name":"","poi_id":"","verified":true,"country":"Mexico","id":"1440810634094936072","replied_to_tweet_id":null,"replied_to_user_id":null,"reply_text":"","tweet_text":"El 23 y 24 de septiembre estaremos aplicando la segunda dosis a los adultos de 30 a 39 a\u00f1os en #Huehuetoca, #Xonacatl\u00e1n, #Otzolotepec, #Temoaya y #SanMateoAtenco. #EstrategiaDeVacunaci\u00f3n https:\/\/t.co\/kQYDeCVnU7","tweet_lang":"es","text_es":"El 23 y 24 de septiembre estaremos aplicando la segunda dosis a los adultos de 30 a 39 a\u00f1os en     y   httpstcokQYDeCVnU7","hashtags":["Huehuetoca","Xonacatl\u00e1n","Otzolotepec","Temoaya","SanMateoAtenco","EstrategiaDeVacunaci\u00f3n"],"mentions":[],"tweet_urls":[],"tweet_emoticons":[],"tweet_date":"2021-09-22T23:00:00","geolocation":null}
{"poi_name":"","poi_id":"","verified":false,"country":"Mexico","id":"1440818614517452807","replied_to_tweet_id":null,"replied_to_user_id":null,"reply_text":"","tweet_text":"RT @alfredodelmazo: El 22 y 23 de septiembre estaremos aplicando la segunda dosis a los adultos de 30 a 39 a\u00f1os en #Tepotzotl\u00e1n y #LaPaz. #\u2026","tweet_lang":"es","text_es":"RT  El 22 y 23 de septiembre estaremos aplicando la segunda dosis a los adultos de 30 a 39 a\u00f1os en  y  \u2026","hashtags":["Tepotzotl\u00e1n","LaPaz"],"mentions":["alfredodelmazo"],"tweet_urls":[],"tweet_emoticons":[],"tweet_date":"2021-09-22T23:00:00","geolocation":null}
{"poi_name":"","poi_id":"","verified":false,"country":"Mexico","id":"1440818592123998211","replied_to_tweet_id":null,"replied_to_user_id":null,"reply_text":"","tweet_text":"RT @alfredodelmazo: Del 22 al 24 de septiembre estaremos aplicando la segunda dosis a los adultos de 30 a 39 a\u00f1os en #Lerma. #EstrategiaDeV\u2026","tweet_lang":"es","text_es":"RT  Del 22 al 24 de septiembre estaremos aplicando la segunda dosis a los adultos de 30 a 39 a\u00f1os en  EstrategiaDeV\u2026","hashtags":["Lerma"],"mentions":["alfredodelmazo"],"tweet_urls":[],"tweet_emoticons":[],"tweet_date":"2021-09-22T23:00:00","geolocation":null}
{"poi_name":"","poi_id":"","verified":false,"country":"Mexico","id":"1440818573597757440","replied_to_tweet_id":null,"replied_to_user_id":null,"reply_text":"","tweet_text":"RT @alfredodelmazo: Del 22 al 24 de septiembre estaremos aplicando la segunda dosis a los adultos de 30 a 39 a\u00f1os en #Cuautitl\u00e1n y #Cuautit\u2026","tweet_lang":"es","text_es":"RT  Del 22 al 24 de septiembre estaremos aplicando la segunda dosis a los adultos de 30 a 39 a\u00f1os en  y Cuautit\u2026","hashtags":["Cuautitl\u00e1n"],"mentions":["alfredodelmazo"],"tweet_urls":[],"tweet_emoticons":[],"tweet_date":"2021-09-22T23:00:00","geolocation":null}
{"poi_name":"","poi_id":"","verified":false,"country":"Mexico","id":"1440818568606539780","replied_to_tweet_id":null,"replied_to_user_id":null,"reply_text":"","tweet_text":"RT @Edomex: \u00a1Qu\u00e9 no se te pase! Hoy estaremos aplicando la segunda dosis de la vacuna a los adultos de 30 a 39 a\u00f1os en #MelchorOcampo.\n#Est\u2026","tweet_lang":"es","text_es":"RT  \u00a1Qu\u00e9 no se te pase Hoy estaremos aplicando la segunda dosis de la vacuna a los adultos de 30 a 39 a\u00f1os en \nEst\u2026","hashtags":["MelchorOcampo"],"mentions":["Edomex"],"tweet_urls":[],"tweet_emoticons":[],"tweet_date":"2021-09-22T23:00:00","geolocation":null}
{"poi_name":"","poi_id":"","verified":false,"country":"Mexico","id":"1440818559458807816","replied_to_tweet_id":null,"replied_to_user_id":null,"reply_text":"","tweet_text":"RT @alfredodelmazo: El 23 y 24 de septiembre estaremos aplicando la segunda dosis a los adultos de 40 a 49 a\u00f1os en #Amecameca y #Tlalmanalc\u2026","tweet_lang":"es","text_es":"RT  El 23 y 24 de septiembre estaremos aplicando la segunda dosis a los adultos de 40 a 49 a\u00f1os en  y Tlalmanalc\u2026","hashtags":["Amecameca"],"mentions":["alfredodelmazo"],"tweet_urls":[],"tweet_emoticons":[],"tweet_date":"2021-09-22T23:00:00","geolocation":null}
{"poi_name":"","poi_id":"","verified":false,"country":"Mexico","id":"1440818553347735557","replied_to_tweet_id":null,"replied_to_user_id":null,"reply_text":"","tweet_text":"RT @alfredodelmazo: El d\u00eda de ma\u00f1ana 22 de septiembre estaremos aplicando la segunda dosis a los adultos de 30 a 39 a\u00f1os en #MelchorOcampo.\u2026","tweet_lang":"es","text_es":"RT  El d\u00eda de ma\u00f1ana 22 de septiembre estaremos aplicando la segunda dosis a los adultos de 30 a 39 a\u00f1os en \u2026","hashtags":["MelchorOcampo"],"mentions":["alfredodelmazo"],"tweet_urls":[],"tweet_emoticons":[],"tweet_date":"2021-09-22T23:00:00","geolocation":null}
{"poi_name":"","poi_id":"","verified":false,"country":"Mexico","id":"1440818505251635206","replied_to_tweet_id":null,"replied_to_user_id":null,"reply_text":"","tweet_text":"RT @Edomex: Hoy estaremos aplicando la segunda dosis de la vacuna a los adultos de 40 a 49 a\u00f1os en #Jilotzingo. #EstrategiaDeVacunaci\u00f3n","tweet_lang":"es","text_es":"RT  Hoy estaremos aplicando la segunda dosis de la vacuna a los adultos de 40 a 49 a\u00f1os en  ","hashtags":["Jilotzingo","EstrategiaDeVacunaci\u00f3n"],"mentions":["Edomex"],"tweet_urls":[],"tweet_emoticons":[],"tweet_date":"2021-09-22T23:00:00","geolocation":null}
{"poi_name":"","poi_id":"","verified":false,"country":"Mexico","id":"1440818489296445443","replied_to_tweet_id":null,"replied_to_user_id":null,"reply_text":"","tweet_text":"RT @alfredodelmazo: El 23 y 24 de septiembre estaremos aplicando la segunda dosis a los adultos de 30 a 39 a\u00f1os en #Huehuetoca, #Xonacatl\u00e1n\u2026","tweet_lang":"es","text_es":"RT  El 23 y 24 de septiembre estaremos aplicando la segunda dosis a los adultos de 30 a 39 a\u00f1os en  \u2026","hashtags":["Huehuetoca","Xonacatl\u00e1n"],"mentions":["alfredodelmazo"],"tweet_urls":[],"tweet_emoticons":[],"tweet_date":"2021-09-22T23:00:00","geolocation":null}
{"poi_name":"","poi_id":"","verified":false,"country":"Mexico","id":"1440818451417731079","replied_to_tweet_id":null,"replied_to_user_id":null,"reply_text":"","tweet_text":"RT @alfredodelmazo: El 23 y 24 de septiembre estaremos aplicando la segunda dosis a los adultos de 40 a 49 a\u00f1os en #Amecameca y #Tlalmanalc\u2026","tweet_lang":"es","text_es":"RT  El 23 y 24 de septiembre estaremos aplicando la segunda dosis a los adultos de 40 a 49 a\u00f1os en  y Tlalmanalc\u2026","hashtags":["Amecameca"],"mentions":["alfredodelmazo"],"tweet_urls":[],"tweet_emoticons":[],"tweet_date":"2021-09-22T23:00:00","geolocation":null}
{"poi_name":"","poi_id":"","verified":false,"country":"Mexico","id":"1440818429259173899","replied_to_tweet_id":null,"replied_to_user_id":null,"reply_text":"","tweet_text":"RT @alfredodelmazo: El 23 y 24 de septiembre estaremos aplicando la segunda dosis a los adultos de 40 a 49 a\u00f1os en #Amecameca y #Tlalmanalc\u2026","tweet_lang":"es","text_es":"RT  El 23 y 24 de septiembre estaremos aplicando la segunda dosis a los adultos de 40 a 49 a\u00f1os en  y Tlalmanalc\u2026","hashtags":["Amecameca"],"mentions":["alfredodelmazo"],"tweet_urls":[],"tweet_emoticons":[],"tweet_date":"2021-09-22T23:00:00","geolocation":null}
{"poi_name":"","poi_id":"","verified":false,"country":"Mexico","id":"1440818424398053379","replied_to_tweet_id":null,"replied_to_user_id":null,"reply_text":"","tweet_text":"RT @alfredodelmazo: El 23 y 24 de septiembre estaremos aplicando la segunda dosis a los adultos de 40 a 49 a\u00f1os en #Amecameca y #Tlalmanalc\u2026","tweet_lang":"es","text_es":"RT  El 23 y 24 de septiembre estaremos aplicando la segunda dosis a los adultos de 40 a 49 a\u00f1os en  y Tlalmanalc\u2026","hashtags":["Amecameca"],"mentions":["alfredodelmazo"],"tweet_urls":[],"tweet_emoticons":[],"tweet_date":"2021-09-22T23:00:00","geolocation":null}
{"poi_name":"","poi_id":"","verified":false,"country":"Mexico","id":"1440818404433141770","replied_to_tweet_id":null,"replied_to_user_id":null,"reply_text":"","tweet_text":"RT @Edomex: #EstrategiaDeVacunaci\u00f3n | El 23 y 24 de septiembre estaremos aplicando la segunda dosis de la vacuna a los adultos de 40 a 49 a\u2026","tweet_lang":"es","text_es":"RT    El 23 y 24 de septiembre estaremos aplicando la segunda dosis de la vacuna a los adultos de 40 a 49 a\u2026","hashtags":["EstrategiaDeVacunaci\u00f3n"],"mentions":["Edomex"],"tweet_urls":[],"tweet_emoticons":[],"tweet_date":"2021-09-22T23:00:00","geolocation":null}
{"poi_name":"","poi_id":"","verified":false,"country":"Mexico","id":"1440818398972108804","replied_to_tweet_id":null,"replied_to_user_id":null,"reply_text":"","tweet_text":"RT @alfredodelmazo: El 23 y 24 de septiembre estaremos aplicando la segunda dosis a los adultos de 30 a 39 a\u00f1os en #Huehuetoca, #Xonacatl\u00e1n\u2026","tweet_lang":"es","text_es":"RT  El 23 y 24 de septiembre estaremos aplicando la segunda dosis a los adultos de 30 a 39 a\u00f1os en  \u2026","hashtags":["Huehuetoca","Xonacatl\u00e1n"],"mentions":["alfredodelmazo"],"tweet_urls":[],"tweet_emoticons":[],"tweet_date":"2021-09-22T23:00:00","geolocation":null}
{"poi_name":"","poi_id":"","verified":false,"country":"Mexico","id":"1440818384162099200","replied_to_tweet_id":null,"replied_to_user_id":null,"reply_text":"","tweet_text":"RT @Edomex: \u00a1ATENCI\u00d3N! El 23 y 24 de septiembre estaremos aplicando la segunda dosis de la vacuna a los adultos de 30 a 39 a\u00f1os en #Huehuet\u2026","tweet_lang":"es","text_es":"RT  \u00a1ATENCI\u00d3N El 23 y 24 de septiembre estaremos aplicando la segunda dosis de la vacuna a los adultos de 30 a 39 a\u00f1os en Huehuet\u2026","hashtags":[],"mentions":["Edomex"],"tweet_urls":[],"tweet_emoticons":[],"tweet_date":"2021-09-22T23:00:00","geolocation":null}
{"poi_name":"","poi_id":"","verified":false,"country":"Mexico","id":"1440818368072732677","replied_to_tweet_id":null,"replied_to_user_id":null,"reply_text":"","tweet_text":"RT @alfredodelmazo: El 23 y 24 de septiembre estaremos aplicando la segunda dosis a los adultos de 30 a 39 a\u00f1os en #Huehuetoca, #Xonacatl\u00e1n\u2026","tweet_lang":"es","text_es":"RT  El 23 y 24 de septiembre estaremos aplicando la segunda dosis a los adultos de 30 a 39 a\u00f1os en  \u2026","hashtags":["Huehuetoca","Xonacatl\u00e1n"],"mentions":["alfredodelmazo"],"tweet_urls":[],"tweet_emoticons":[],"tweet_date":"2021-09-22T23:00:00","geolocation":null}
{"poi_name":"","poi_id":"","verified":false,"country":"Mexico","id":"1440818359830863872","replied_to_tweet_id":null,"replied_to_user_id":null,"reply_text":"","tweet_text":"RT @alfredodelmazo: El 23 y 24 de septiembre estaremos aplicando la segunda dosis a los adultos de 40 a 49 a\u00f1os en #Amecameca y #Tlalmanalc\u2026","tweet_lang":"es","text_es":"RT  El 23 y 24 de septiembre estaremos aplicando la segunda dosis a los adultos de 40 a 49 a\u00f1os en  y Tlalmanalc\u2026","hashtags":["Amecameca"],"mentions":["alfredodelmazo"],"tweet_urls":[],"tweet_emoticons":[],"tweet_date":"2021-09-22T23:00:00","geolocation":null}
{"poi_name":"","poi_id":"","verified":false,"country":"Mexico","id":"1440818352255954945","replied_to_tweet_id":null,"replied_to_user_id":null,"reply_text":"","tweet_text":"RT @alfredodelmazo: El 23 y 24 de septiembre estaremos aplicando la segunda dosis a los adultos de 30 a 39 a\u00f1os en #Huehuetoca, #Xonacatl\u00e1n\u2026","tweet_lang":"es","text_es":"RT  El 23 y 24 de septiembre estaremos aplicando la segunda dosis a los adultos de 30 a 39 a\u00f1os en  \u2026","hashtags":["Huehuetoca","Xonacatl\u00e1n"],"mentions":["alfredodelmazo"],"tweet_urls":[],"tweet_emoticons":[],"tweet_date":"2021-09-22T23:00:00","geolocation":null}
{"poi_name":"","poi_id":"","verified":false,"country":"Mexico","id":"1440818338460880897","replied_to_tweet_id":null,"replied_to_user_id":null,"reply_text":"","tweet_text":"RT @alfredodelmazo: El 23 y 24 de septiembre estaremos aplicando la segunda dosis a los adultos de 30 a 39 a\u00f1os en #Huehuetoca, #Xonacatl\u00e1n\u2026","tweet_lang":"es","text_es":"RT  El 23 y 24 de septiembre estaremos aplicando la segunda dosis a los adultos de 30 a 39 a\u00f1os en  \u2026","hashtags":["Huehuetoca","Xonacatl\u00e1n"],"mentions":["alfredodelmazo"],"tweet_urls":[],"tweet_emoticons":[],"tweet_date":"2021-09-22T23:00:00","geolocation":null}
{"poi_name":"","poi_id":"","verified":false,"country":"Mexico","id":"1440818242050686984","replied_to_tweet_id":null,"replied_to_user_id":null,"reply_text":"","tweet_text":"RT @alfredodelmazo: El 23 y 24 de septiembre estaremos aplicando la segunda dosis a los adultos de 40 a 49 a\u00f1os en #Amecameca y #Tlalmanalc\u2026","tweet_lang":"es","text_es":"RT  El 23 y 24 de septiembre estaremos aplicando la segunda dosis a los adultos de 40 a 49 a\u00f1os en  y Tlalmanalc\u2026","hashtags":["Amecameca"],"mentions":["alfredodelmazo"],"tweet_urls":[],"tweet_emoticons":[],"tweet_date":"2021-09-22T23:00:00","geolocation":null}
{"poi_name":"","poi_id":"","verified":false,"country":"Mexico","id":"1440818241203441675","replied_to_tweet_id":null,"replied_to_user_id":null,"reply_text":"","tweet_text":"RT @alfredodelmazo: El 23 y 24 de septiembre estaremos aplicando la segunda dosis a los adultos de 30 a 39 a\u00f1os en #Huehuetoca, #Xonacatl\u00e1n\u2026","tweet_lang":"es","text_es":"RT  El 23 y 24 de septiembre estaremos aplicando la segunda dosis a los adultos de 30 a 39 a\u00f1os en  \u2026","hashtags":["Huehuetoca","Xonacatl\u00e1n"],"mentions":["alfredodelmazo"],"tweet_urls":[],"tweet_emoticons":[],"tweet_date":"2021-09-22T23:00:00","geolocation":null}
{"poi_name":"","poi_id":"","verified":false,"country":"Mexico","id":"1440818230025592832","replied_to_tweet_id":null,"replied_to_user_id":null,"reply_text":"","tweet_text":"RT @alfredodelmazo: El 23 y 24 de septiembre estaremos aplicando la segunda dosis a los adultos de 40 a 49 a\u00f1os en #Amecameca y #Tlalmanalc\u2026","tweet_lang":"es","text_es":"RT  El 23 y 24 de septiembre estaremos aplicando la segunda dosis a los adultos de 40 a 49 a\u00f1os en  y Tlalmanalc\u2026","hashtags":["Amecameca"],"mentions":["alfredodelmazo"],"tweet_urls":[],"tweet_emoticons":[],"tweet_date":"2021-09-22T23:00:00","geolocation":null}
{"poi_name":"","poi_id":"","verified":false,"country":"Mexico","id":"1440818198878638085","replied_to_tweet_id":null,"replied_to_user_id":null,"reply_text":"","tweet_text":"RT @Edomex: \u00a1ATENCI\u00d3N! A partir de hoy y hasta el 25 de septiembre estaremos aplicando la segunda dosis de la vacuna a los adultos de 30 a\u2026","tweet_lang":"es","text_es":"RT  \u00a1ATENCI\u00d3N A partir de hoy y hasta el 25 de septiembre estaremos aplicando la segunda dosis de la vacuna a los adultos de 30 a\u2026","hashtags":[],"mentions":["Edomex"],"tweet_urls":[],"tweet_emoticons":[],"tweet_date":"2021-09-22T23:00:00","geolocation":null}
{"poi_name":"","poi_id":"","verified":false,"country":"Mexico","id":"1440818178150461443","replied_to_tweet_id":null,"replied_to_user_id":null,"reply_text":"","tweet_text":"RT @alfredodelmazo: El 23 y 24 de septiembre estaremos aplicando la segunda dosis a los adultos de 30 a 39 a\u00f1os en #Huehuetoca, #Xonacatl\u00e1n\u2026","tweet_lang":"es","text_es":"RT  El 23 y 24 de septiembre estaremos aplicando la segunda dosis a los adultos de 30 a 39 a\u00f1os en  \u2026","hashtags":["Huehuetoca","Xonacatl\u00e1n"],"mentions":["alfredodelmazo"],"tweet_urls":[],"tweet_emoticons":[],"tweet_date":"2021-09-22T23:00:00","geolocation":null}
{"poi_name":"","poi_id":"","verified":false,"country":"Mexico","id":"1440818147292897284","replied_to_tweet_id":null,"replied_to_user_id":null,"reply_text":"","tweet_text":"RT @alfredodelmazo: El 23 y 24 de septiembre estaremos aplicando la segunda dosis a los adultos de 40 a 49 a\u00f1os en #Amecameca y #Tlalmanalc\u2026","tweet_lang":"es","text_es":"RT  El 23 y 24 de septiembre estaremos aplicando la segunda dosis a los adultos de 40 a 49 a\u00f1os en  y Tlalmanalc\u2026","hashtags":["Amecameca"],"mentions":["alfredodelmazo"],"tweet_urls":[],"tweet_emoticons":[],"tweet_date":"2021-09-22T23:00:00","geolocation":null}
{"poi_name":"","poi_id":"","verified":false,"country":"Mexico","id":"1440818141836185606","replied_to_tweet_id":null,"replied_to_user_id":null,"reply_text":"","tweet_text":"RT @alfredodelmazo: El 23 y 24 de septiembre estaremos aplicando la segunda dosis a los adultos de 40 a 49 a\u00f1os en #Amecameca y #Tlalmanalc\u2026","tweet_lang":"es","text_es":"RT  El 23 y 24 de septiembre estaremos aplicando la segunda dosis a los adultos de 40 a 49 a\u00f1os en  y Tlalmanalc\u2026","hashtags":["Amecameca"],"mentions":["alfredodelmazo"],"tweet_urls":[],"tweet_emoticons":[],"tweet_date":"2021-09-22T23:00:00","geolocation":null}
{"poi_name":"","poi_id":"","verified":false,"country":"Mexico","id":"1440818106721472527","replied_to_tweet_id":null,"replied_to_user_id":null,"reply_text":"","tweet_text":"RT @alfredodelmazo: El 23 y 24 de septiembre estaremos aplicando la segunda dosis a los adultos de 30 a 39 a\u00f1os en #Huehuetoca, #Xonacatl\u00e1n\u2026","tweet_lang":"es","text_es":"RT  El 23 y 24 de septiembre estaremos aplicando la segunda dosis a los adultos de 30 a 39 a\u00f1os en  \u2026","hashtags":["Huehuetoca","Xonacatl\u00e1n"],"mentions":["alfredodelmazo"],"tweet_urls":[],"tweet_emoticons":[],"tweet_date":"2021-09-22T23:00:00","geolocation":null}
{"poi_name":"","poi_id":"","verified":false,"country":"Mexico","id":"1440818106109071368","replied_to_tweet_id":null,"replied_to_user_id":null,"reply_text":"","tweet_text":"RT @alfredodelmazo: El 23 y 24 de septiembre estaremos aplicando la segunda dosis a los adultos de 30 a 39 a\u00f1os en #Huehuetoca, #Xonacatl\u00e1n\u2026","tweet_lang":"es","text_es":"RT  El 23 y 24 de septiembre estaremos aplicando la segunda dosis a los adultos de 30 a 39 a\u00f1os en  \u2026","hashtags":["Huehuetoca","Xonacatl\u00e1n"],"mentions":["alfredodelmazo"],"tweet_urls":[],"tweet_emoticons":[],"tweet_date":"2021-09-22T23:00:00","geolocation":null}
{"poi_name":"","poi_id":"","verified":false,"country":"Mexico","id":"1440818100513882113","replied_to_tweet_id":null,"replied_to_user_id":null,"reply_text":"","tweet_text":"RT @alfredodelmazo: El 23 y 24 de septiembre estaremos aplicando la segunda dosis a los adultos de 30 a 39 a\u00f1os en #Huehuetoca, #Xonacatl\u00e1n\u2026","tweet_lang":"es","text_es":"RT  El 23 y 24 de septiembre estaremos aplicando la segunda dosis a los adultos de 30 a 39 a\u00f1os en  \u2026","hashtags":["Huehuetoca","Xonacatl\u00e1n"],"mentions":["alfredodelmazo"],"tweet_urls":[],"tweet_emoticons":[],"tweet_date":"2021-09-22T23:00:00","geolocation":null}
{"poi_name":"","poi_id":"","verified":false,"country":"Mexico","id":"1440818096176963584","replied_to_tweet_id":null,"replied_to_user_id":null,"reply_text":"","tweet_text":"RT @alfredodelmazo: El 23 y 24 de septiembre estaremos aplicando la segunda dosis a los adultos de 40 a 49 a\u00f1os en #Amecameca y #Tlalmanalc\u2026","tweet_lang":"es","text_es":"RT  El 23 y 24 de septiembre estaremos aplicando la segunda dosis a los adultos de 40 a 49 a\u00f1os en  y Tlalmanalc\u2026","hashtags":["Amecameca"],"mentions":["alfredodelmazo"],"tweet_urls":[],"tweet_emoticons":[],"tweet_date":"2021-09-22T23:00:00","geolocation":null}
{"poi_name":"","poi_id":"","verified":false,"country":"Mexico","id":"1440818017160470528","replied_to_tweet_id":null,"replied_to_user_id":null,"reply_text":"","tweet_text":"RT @alfredodelmazo: El 23 y 24 de septiembre estaremos aplicando la segunda dosis a los adultos de 40 a 49 a\u00f1os en #Amecameca y #Tlalmanalc\u2026","tweet_lang":"es","text_es":"RT  El 23 y 24 de septiembre estaremos aplicando la segunda dosis a los adultos de 40 a 49 a\u00f1os en  y Tlalmanalc\u2026","hashtags":["Amecameca"],"mentions":["alfredodelmazo"],"tweet_urls":[],"tweet_emoticons":[],"tweet_date":"2021-09-22T23:00:00","geolocation":null}
{"poi_name":"","poi_id":"","verified":false,"country":"Mexico","id":"1440818016334147590","replied_to_tweet_id":null,"replied_to_user_id":null,"reply_text":"","tweet_text":"RT @alfredodelmazo: El 23 y 24 de septiembre estaremos aplicando la segunda dosis a los adultos de 40 a 49 a\u00f1os en #Amecameca y #Tlalmanalc\u2026","tweet_lang":"es","text_es":"RT  El 23 y 24 de septiembre estaremos aplicando la segunda dosis a los adultos de 40 a 49 a\u00f1os en  y Tlalmanalc\u2026","hashtags":["Amecameca"],"mentions":["alfredodelmazo"],"tweet_urls":[],"tweet_emoticons":[],"tweet_date":"2021-09-22T23:00:00","geolocation":null}
{"poi_name":"","poi_id":"","verified":false,"country":"Mexico","id":"1440817999879958532","replied_to_tweet_id":null,"replied_to_user_id":null,"reply_text":"","tweet_text":"RT @alfredodelmazo: El 23 y 24 de septiembre estaremos aplicando la segunda dosis a los adultos de 30 a 39 a\u00f1os en #Huehuetoca, #Xonacatl\u00e1n\u2026","tweet_lang":"es","text_es":"RT  El 23 y 24 de septiembre estaremos aplicando la segunda dosis a los adultos de 30 a 39 a\u00f1os en  \u2026","hashtags":["Huehuetoca","Xonacatl\u00e1n"],"mentions":["alfredodelmazo"],"tweet_urls":[],"tweet_emoticons":[],"tweet_date":"2021-09-22T23:00:00","geolocation":null}
{"poi_name":"","poi_id":"","verified":false,"country":"Mexico","id":"1440817991654936577","replied_to_tweet_id":null,"replied_to_user_id":null,"reply_text":"","tweet_text":"RT @alfredodelmazo: El 23 y 24 de septiembre estaremos aplicando la segunda dosis a los adultos de 40 a 49 a\u00f1os en #Amecameca y #Tlalmanalc\u2026","tweet_lang":"es","text_es":"RT  El 23 y 24 de septiembre estaremos aplicando la segunda dosis a los adultos de 40 a 49 a\u00f1os en  y Tlalmanalc\u2026","hashtags":["Amecameca"],"mentions":["alfredodelmazo"],"tweet_urls":[],"tweet_emoticons":[],"tweet_date":"2021-09-22T23:00:00","geolocation":null}
{"poi_name":"","poi_id":"","verified":false,"country":"Mexico","id":"1440817929642074112","replied_to_tweet_id":null,"replied_to_user_id":null,"reply_text":"","tweet_text":"RT @alfredodelmazo: El 23 y 24 de septiembre estaremos aplicando la segunda dosis a los adultos de 40 a 49 a\u00f1os en #Amecameca y #Tlalmanalc\u2026","tweet_lang":"es","text_es":"RT  El 23 y 24 de septiembre estaremos aplicando la segunda dosis a los adultos de 40 a 49 a\u00f1os en  y Tlalmanalc\u2026","hashtags":["Amecameca"],"mentions":["alfredodelmazo"],"tweet_urls":[],"tweet_emoticons":[],"tweet_date":"2021-09-22T23:00:00","geolocation":null}
{"poi_name":"","poi_id":"","verified":false,"country":"Mexico","id":"1440817888894472199","replied_to_tweet_id":null,"replied_to_user_id":null,"reply_text":"","tweet_text":"RT @alfredodelmazo: El 23 y 24 de septiembre estaremos aplicando la segunda dosis a los adultos de 30 a 39 a\u00f1os en #Huehuetoca, #Xonacatl\u00e1n\u2026","tweet_lang":"es","text_es":"RT  El 23 y 24 de septiembre estaremos aplicando la segunda dosis a los adultos de 30 a 39 a\u00f1os en  \u2026","hashtags":["Huehuetoca","Xonacatl\u00e1n"],"mentions":["alfredodelmazo"],"tweet_urls":[],"tweet_emoticons":[],"tweet_date":"2021-09-22T23:00:00","geolocation":null}
{"poi_name":"","poi_id":"","verified":false,"country":"Mexico","id":"1440817882003238912","replied_to_tweet_id":null,"replied_to_user_id":null,"reply_text":"","tweet_text":"RT @Edomex: \u00a1ATENCI\u00d3N! A partir de hoy y hasta el 25 de septiembre estaremos aplicando la segunda dosis de la vacuna a los adultos de 30 a\u2026","tweet_lang":"es","text_es":"RT  \u00a1ATENCI\u00d3N A partir de hoy y hasta el 25 de septiembre estaremos aplicando la segunda dosis de la vacuna a los adultos de 30 a\u2026","hashtags":[],"mentions":["Edomex"],"tweet_urls":[],"tweet_emoticons":[],"tweet_date":"2021-09-22T23:00:00","geolocation":null}
{"poi_name":"","poi_id":"","verified":false,"country":"Mexico","id":"1440817878614175749","replied_to_tweet_id":null,"replied_to_user_id":null,"reply_text":"","tweet_text":"RT @alfredodelmazo: Del 21 al 25 de septiembre estaremos aplicando la segunda dosis a los adultos de 30 a 39 a\u00f1os en #Toluca. #EstrategiaDe\u2026","tweet_lang":"es","text_es":"RT  Del 21 al 25 de septiembre estaremos aplicando la segunda dosis a los adultos de 30 a 39 a\u00f1os en  EstrategiaDe\u2026","hashtags":["Toluca"],"mentions":["alfredodelmazo"],"tweet_urls":[],"tweet_emoticons":[],"tweet_date":"2021-09-22T23:00:00","geolocation":null}
{"poi_name":"","poi_id":"","verified":false,"country":"Mexico","id":"1440817874700963841","replied_to_tweet_id":null,"replied_to_user_id":null,"reply_text":"","tweet_text":"RT @alfredodelmazo: El 23 y 24 de septiembre estaremos aplicando la segunda dosis a los adultos de 40 a 49 a\u00f1os en #Amecameca y #Tlalmanalc\u2026","tweet_lang":"es","text_es":"RT  El 23 y 24 de septiembre estaremos aplicando la segunda dosis a los adultos de 40 a 49 a\u00f1os en  y Tlalmanalc\u2026","hashtags":["Amecameca"],"mentions":["alfredodelmazo"],"tweet_urls":[],"tweet_emoticons":[],"tweet_date":"2021-09-22T23:00:00","geolocation":null}
{"poi_name":"","poi_id":"","verified":false,"country":"Mexico","id":"1440817874541506573","replied_to_tweet_id":null,"replied_to_user_id":null,"reply_text":"","tweet_text":"RT @alfredodelmazo: El 23 y 24 de septiembre estaremos aplicando la segunda dosis a los adultos de 40 a 49 a\u00f1os en #Amecameca y #Tlalmanalc\u2026","tweet_lang":"es","text_es":"RT  El 23 y 24 de septiembre estaremos aplicando la segunda dosis a los adultos de 40 a 49 a\u00f1os en  y Tlalmanalc\u2026","hashtags":["Amecameca"],"mentions":["alfredodelmazo"],"tweet_urls":[],"tweet_emoticons":[],"tweet_date":"2021-09-22T23:00:00","geolocation":null}
{"poi_name":"","poi_id":"","verified":false,"country":"Mexico","id":"1440817868849901568","replied_to_tweet_id":null,"replied_to_user_id":null,"reply_text":"","tweet_text":"RT @alfredodelmazo: El d\u00eda de ma\u00f1ana 18 de septiembre estaremos aplicando la primera dosis a personas de 18 a 29 a\u00f1os y mujeres embarazadas\u2026","tweet_lang":"es","text_es":"RT  El d\u00eda de ma\u00f1ana 18 de septiembre estaremos aplicando la primera dosis a personas de 18 a 29 a\u00f1os y mujeres embarazadas\u2026","hashtags":[],"mentions":["alfredodelmazo"],"tweet_urls":[],"tweet_emoticons":[],"tweet_date":"2021-09-22T23:00:00","geolocation":null}
{"poi_name":"","poi_id":"","verified":false,"country":"Mexico","id":"1440817853016412161","replied_to_tweet_id":null,"replied_to_user_id":null,"reply_text":"","tweet_text":"RT @alfredodelmazo: El 23 y 24 de septiembre estaremos aplicando la segunda dosis a los adultos de 40 a 49 a\u00f1os en #Amecameca y #Tlalmanalc\u2026","tweet_lang":"es","text_es":"RT  El 23 y 24 de septiembre estaremos aplicando la segunda dosis a los adultos de 40 a 49 a\u00f1os en  y Tlalmanalc\u2026","hashtags":["Amecameca"],"mentions":["alfredodelmazo"],"tweet_urls":[],"tweet_emoticons":[],"tweet_date":"2021-09-22T23:00:00","geolocation":null}
{"poi_name":"","poi_id":"","verified":false,"country":"Mexico","id":"1440817845672169477","replied_to_tweet_id":null,"replied_to_user_id":null,"reply_text":"","tweet_text":"RT @alfredodelmazo: El d\u00eda de ma\u00f1ana 22 de septiembre estaremos aplicando la segunda dosis a los adultos de 30 a 39 a\u00f1os en #MelchorOcampo.\u2026","tweet_lang":"es","text_es":"RT  El d\u00eda de ma\u00f1ana 22 de septiembre estaremos aplicando la segunda dosis a los adultos de 30 a 39 a\u00f1os en \u2026","hashtags":["MelchorOcampo"],"mentions":["alfredodelmazo"],"tweet_urls":[],"tweet_emoticons":[],"tweet_date":"2021-09-22T23:00:00","geolocation":null}
{"poi_name":"","poi_id":"","verified":false,"country":"Mexico","id":"1440817839447810048","replied_to_tweet_id":null,"replied_to_user_id":null,"reply_text":"","tweet_text":"RT @Edomex: \u00a1ATENCI\u00d3N! El 23 y 24 de septiembre estaremos aplicando la segunda dosis de la vacuna a los adultos de 30 a 39 a\u00f1os en #Huehuet\u2026","tweet_lang":"es","text_es":"RT  \u00a1ATENCI\u00d3N El 23 y 24 de septiembre estaremos aplicando la segunda dosis de la vacuna a los adultos de 30 a 39 a\u00f1os en Huehuet\u2026","hashtags":[],"mentions":["Edomex"],"tweet_urls":[],"tweet_emoticons":[],"tweet_date":"2021-09-22T23:00:00","geolocation":null}
{"poi_name":"","poi_id":"","verified":false,"country":"Mexico","id":"1440817839443562502","replied_to_tweet_id":null,"replied_to_user_id":null,"reply_text":"","tweet_text":"RT @Edomex: #EstrategiaDeVacunaci\u00f3n | El 23 y 24 de septiembre estaremos aplicando la segunda dosis de la vacuna a los adultos de 40 a 49 a\u2026","tweet_lang":"es","text_es":"RT    El 23 y 24 de septiembre estaremos aplicando la segunda dosis de la vacuna a los adultos de 40 a 49 a\u2026","hashtags":["EstrategiaDeVacunaci\u00f3n"],"mentions":["Edomex"],"tweet_urls":[],"tweet_emoticons":[],"tweet_date":"2021-09-22T23:00:00","geolocation":null}
{"poi_name":"","poi_id":"","verified":false,"country":"Mexico","id":"1440817833223471115","replied_to_tweet_id":null,"replied_to_user_id":null,"reply_text":"","tweet_text":"RT @alfredodelmazo: Del 22 al 24 de septiembre estaremos aplicando la segunda dosis a los adultos de 30 a 39 a\u00f1os en #Cuautitl\u00e1n y #Cuautit\u2026","tweet_lang":"es","text_es":"RT  Del 22 al 24 de septiembre estaremos aplicando la segunda dosis a los adultos de 30 a 39 a\u00f1os en  y Cuautit\u2026","hashtags":["Cuautitl\u00e1n"],"mentions":["alfredodelmazo"],"tweet_urls":[],"tweet_emoticons":[],"tweet_date":"2021-09-22T23:00:00","geolocation":null}
{"poi_name":"","poi_id":"","verified":false,"country":"Mexico","id":"1440817826386771968","replied_to_tweet_id":null,"replied_to_user_id":null,"reply_text":"","tweet_text":"RT @alfredodelmazo: El 23 y 24 de septiembre estaremos aplicando la segunda dosis a los adultos de 40 a 49 a\u00f1os en #Amecameca y #Tlalmanalc\u2026","tweet_lang":"es","text_es":"RT  El 23 y 24 de septiembre estaremos aplicando la segunda dosis a los adultos de 40 a 49 a\u00f1os en  y Tlalmanalc\u2026","hashtags":["Amecameca"],"mentions":["alfredodelmazo"],"tweet_urls":[],"tweet_emoticons":[],"tweet_date":"2021-09-22T23:00:00","geolocation":null}
{"poi_name":"","poi_id":"","verified":false,"country":"Mexico","id":"1440817821433270276","replied_to_tweet_id":null,"replied_to_user_id":null,"reply_text":"","tweet_text":"RT @alfredodelmazo: El d\u00eda de ma\u00f1ana 22 de septiembre estaremos aplicando la segunda dosis a los adultos de 30 a 39 a\u00f1os en #MelchorOcampo.\u2026","tweet_lang":"es","text_es":"RT  El d\u00eda de ma\u00f1ana 22 de septiembre estaremos aplicando la segunda dosis a los adultos de 30 a 39 a\u00f1os en \u2026","hashtags":["MelchorOcampo"],"mentions":["alfredodelmazo"],"tweet_urls":[],"tweet_emoticons":[],"tweet_date":"2021-09-22T23:00:00","geolocation":null}
{"poi_name":"","poi_id":"","verified":false,"country":"Mexico","id":"1440817809429172228","replied_to_tweet_id":null,"replied_to_user_id":null,"reply_text":"","tweet_text":"RT @alfredodelmazo: El 23 y 24 de septiembre estaremos aplicando la segunda dosis a los adultos de 30 a 39 a\u00f1os en #Huehuetoca, #Xonacatl\u00e1n\u2026","tweet_lang":"es","text_es":"RT  El 23 y 24 de septiembre estaremos aplicando la segunda dosis a los adultos de 30 a 39 a\u00f1os en  \u2026","hashtags":["Huehuetoca","Xonacatl\u00e1n"],"mentions":["alfredodelmazo"],"tweet_urls":[],"tweet_emoticons":[],"tweet_date":"2021-09-22T23:00:00","geolocation":null}
{"poi_name":"","poi_id":"","verified":false,"country":"Mexico","id":"1440817807109677060","replied_to_tweet_id":null,"replied_to_user_id":null,"reply_text":"","tweet_text":"RT @alfredodelmazo: El 23 y 24 de septiembre estaremos aplicando la segunda dosis a los adultos de 40 a 49 a\u00f1os en #Amecameca y #Tlalmanalc\u2026","tweet_lang":"es","text_es":"RT  El 23 y 24 de septiembre estaremos aplicando la segunda dosis a los adultos de 40 a 49 a\u00f1os en  y Tlalmanalc\u2026","hashtags":["Amecameca"],"mentions":["alfredodelmazo"],"tweet_urls":[],"tweet_emoticons":[],"tweet_date":"2021-09-22T23:00:00","geolocation":null}
{"poi_name":"","poi_id":"","verified":false,"country":"Mexico","id":"1440817790647029763","replied_to_tweet_id":null,"replied_to_user_id":null,"reply_text":"","tweet_text":"RT @alfredodelmazo: El 23 y 24 de septiembre estaremos aplicando la segunda dosis a los adultos de 40 a 49 a\u00f1os en #Amecameca y #Tlalmanalc\u2026","tweet_lang":"es","text_es":"RT  El 23 y 24 de septiembre estaremos aplicando la segunda dosis a los adultos de 40 a 49 a\u00f1os en  y Tlalmanalc\u2026","hashtags":["Amecameca"],"mentions":["alfredodelmazo"],"tweet_urls":[],"tweet_emoticons":[],"tweet_date":"2021-09-22T23:00:00","geolocation":null}
{"poi_name":"","poi_id":"","verified":false,"country":"Mexico","id":"1440817788352806922","replied_to_tweet_id":null,"replied_to_user_id":null,"reply_text":"","tweet_text":"RT @alfredodelmazo: El 23 y 24 de septiembre estaremos aplicando la segunda dosis a los adultos de 30 a 39 a\u00f1os en #Huehuetoca, #Xonacatl\u00e1n\u2026","tweet_lang":"es","text_es":"RT  El 23 y 24 de septiembre estaremos aplicando la segunda dosis a los adultos de 30 a 39 a\u00f1os en  \u2026","hashtags":["Huehuetoca","Xonacatl\u00e1n"],"mentions":["alfredodelmazo"],"tweet_urls":[],"tweet_emoticons":[],"tweet_date":"2021-09-22T23:00:00","geolocation":null}
{"poi_name":"","poi_id":"","verified":true,"country":"Mexico","id":"1440817775836991496","replied_to_tweet_id":null,"replied_to_user_id":null,"reply_text":"","tweet_text":"RT @alfredodelmazo: El 23 y 24 de septiembre estaremos aplicando la segunda dosis a los adultos de 40 a 49 a\u00f1os en #Amecameca y #Tlalmanalc\u2026","tweet_lang":"es","text_es":"RT  El 23 y 24 de septiembre estaremos aplicando la segunda dosis a los adultos de 40 a 49 a\u00f1os en  y Tlalmanalc\u2026","hashtags":["Amecameca"],"mentions":["alfredodelmazo"],"tweet_urls":[],"tweet_emoticons":[],"tweet_date":"2021-09-22T23:00:00","geolocation":null}
{"poi_name":"","poi_id":"","verified":false,"country":"Mexico","id":"1440817770761912329","replied_to_tweet_id":null,"replied_to_user_id":null,"reply_text":"","tweet_text":"RT @alfredodelmazo: El 23 y 24 de septiembre estaremos aplicando la segunda dosis a los adultos de 40 a 49 a\u00f1os en #Amecameca y #Tlalmanalc\u2026","tweet_lang":"es","text_es":"RT  El 23 y 24 de septiembre estaremos aplicando la segunda dosis a los adultos de 40 a 49 a\u00f1os en  y Tlalmanalc\u2026","hashtags":["Amecameca"],"mentions":["alfredodelmazo"],"tweet_urls":[],"tweet_emoticons":[],"tweet_date":"2021-09-22T23:00:00","geolocation":null}
{"poi_name":"","poi_id":"","verified":false,"country":"Mexico","id":"1440817767716823040","replied_to_tweet_id":null,"replied_to_user_id":null,"reply_text":"","tweet_text":"RT @alfredodelmazo: El 23 y 24 de septiembre estaremos aplicando la segunda dosis a los adultos de 40 a 49 a\u00f1os en #Amecameca y #Tlalmanalc\u2026","tweet_lang":"es","text_es":"RT  El 23 y 24 de septiembre estaremos aplicando la segunda dosis a los adultos de 40 a 49 a\u00f1os en  y Tlalmanalc\u2026","hashtags":["Amecameca"],"mentions":["alfredodelmazo"],"tweet_urls":[],"tweet_emoticons":[],"tweet_date":"2021-09-22T23:00:00","geolocation":null}
{"poi_name":"","poi_id":"","verified":false,"country":"Mexico","id":"1440817766714339330","replied_to_tweet_id":null,"replied_to_user_id":null,"reply_text":"","tweet_text":"RT @alfredodelmazo: El 23 y 24 de septiembre estaremos aplicando la segunda dosis a los adultos de 40 a 49 a\u00f1os en #Amecameca y #Tlalmanalc\u2026","tweet_lang":"es","text_es":"RT  El 23 y 24 de septiembre estaremos aplicando la segunda dosis a los adultos de 40 a 49 a\u00f1os en  y Tlalmanalc\u2026","hashtags":["Amecameca"],"mentions":["alfredodelmazo"],"tweet_urls":[],"tweet_emoticons":[],"tweet_date":"2021-09-22T23:00:00","geolocation":null}
{"poi_name":"","poi_id":"","verified":true,"country":"Mexico","id":"1440817764034252808","replied_to_tweet_id":null,"replied_to_user_id":null,"reply_text":"","tweet_text":"RT @alfredodelmazo: El 23 y 24 de septiembre estaremos aplicando la segunda dosis a los adultos de 40 a 49 a\u00f1os en #Amecameca y #Tlalmanalc\u2026","tweet_lang":"es","text_es":"RT  El 23 y 24 de septiembre estaremos aplicando la segunda dosis a los adultos de 40 a 49 a\u00f1os en  y Tlalmanalc\u2026","hashtags":["Amecameca"],"mentions":["alfredodelmazo"],"tweet_urls":[],"tweet_emoticons":[],"tweet_date":"2021-09-22T23:00:00","geolocation":null}
{"poi_name":"","poi_id":"","verified":false,"country":"Mexico","id":"1440817746422341645","replied_to_tweet_id":null,"replied_to_user_id":null,"reply_text":"","tweet_text":"RT @alfredodelmazo: El d\u00eda de ma\u00f1ana 22 de septiembre estaremos aplicando la segunda dosis a los adultos de 30 a 39 a\u00f1os en #MelchorOcampo.\u2026","tweet_lang":"es","text_es":"RT  El d\u00eda de ma\u00f1ana 22 de septiembre estaremos aplicando la segunda dosis a los adultos de 30 a 39 a\u00f1os en \u2026","hashtags":["MelchorOcampo"],"mentions":["alfredodelmazo"],"tweet_urls":[],"tweet_emoticons":[],"tweet_date":"2021-09-22T23:00:00","geolocation":null}
{"poi_name":"","poi_id":"","verified":false,"country":"Mexico","id":"1440817712582709255","replied_to_tweet_id":null,"replied_to_user_id":null,"reply_text":"","tweet_text":"RT @alfredodelmazo: El 23 y 24 de septiembre estaremos aplicando la segunda dosis a los adultos de 30 a 39 a\u00f1os en #Huehuetoca, #Xonacatl\u00e1n\u2026","tweet_lang":"es","text_es":"RT  El 23 y 24 de septiembre estaremos aplicando la segunda dosis a los adultos de 30 a 39 a\u00f1os en  \u2026","hashtags":["Huehuetoca","Xonacatl\u00e1n"],"mentions":["alfredodelmazo"],"tweet_urls":[],"tweet_emoticons":[],"tweet_date":"2021-09-22T23:00:00","geolocation":null}
{"poi_name":"","poi_id":"","verified":false,"country":"Mexico","id":"1440817694249414660","replied_to_tweet_id":null,"replied_to_user_id":null,"reply_text":"","tweet_text":"RT @alfredodelmazo: El 23 y 24 de septiembre estaremos aplicando la segunda dosis a los adultos de 30 a 39 a\u00f1os en #Huehuetoca, #Xonacatl\u00e1n\u2026","tweet_lang":"es","text_es":"RT  El 23 y 24 de septiembre estaremos aplicando la segunda dosis a los adultos de 30 a 39 a\u00f1os en  \u2026","hashtags":["Huehuetoca","Xonacatl\u00e1n"],"mentions":["alfredodelmazo"],"tweet_urls":[],"tweet_emoticons":[],"tweet_date":"2021-09-22T23:00:00","geolocation":null}
{"poi_name":"","poi_id":"","verified":false,"country":"Mexico","id":"1440817683100930055","replied_to_tweet_id":null,"replied_to_user_id":null,"reply_text":"","tweet_text":"RT @alfredodelmazo: El 23 y 24 de septiembre estaremos aplicando la segunda dosis a los adultos de 40 a 49 a\u00f1os en #Amecameca y #Tlalmanalc\u2026","tweet_lang":"es","text_es":"RT  El 23 y 24 de septiembre estaremos aplicando la segunda dosis a los adultos de 40 a 49 a\u00f1os en  y Tlalmanalc\u2026","hashtags":["Amecameca"],"mentions":["alfredodelmazo"],"tweet_urls":[],"tweet_emoticons":[],"tweet_date":"2021-09-22T23:00:00","geolocation":null}
{"poi_name":"","poi_id":"","verified":false,"country":"Mexico","id":"1440817680420724738","replied_to_tweet_id":null,"replied_to_user_id":null,"reply_text":"","tweet_text":"RT @alfredodelmazo: El 23 y 24 de septiembre estaremos aplicando la segunda dosis a los adultos de 40 a 49 a\u00f1os en #Amecameca y #Tlalmanalc\u2026","tweet_lang":"es","text_es":"RT  El 23 y 24 de septiembre estaremos aplicando la segunda dosis a los adultos de 40 a 49 a\u00f1os en  y Tlalmanalc\u2026","hashtags":["Amecameca"],"mentions":["alfredodelmazo"],"tweet_urls":[],"tweet_emoticons":[],"tweet_date":"2021-09-22T23:00:00","geolocation":null}
{"poi_name":"","poi_id":"","verified":false,"country":"Mexico","id":"1440817677233053696","replied_to_tweet_id":null,"replied_to_user_id":null,"reply_text":"","tweet_text":"RT @alfredodelmazo: El 23 y 24 de septiembre estaremos aplicando la segunda dosis a los adultos de 40 a 49 a\u00f1os en #Amecameca y #Tlalmanalc\u2026","tweet_lang":"es","text_es":"RT  El 23 y 24 de septiembre estaremos aplicando la segunda dosis a los adultos de 40 a 49 a\u00f1os en  y Tlalmanalc\u2026","hashtags":["Amecameca"],"mentions":["alfredodelmazo"],"tweet_urls":[],"tweet_emoticons":[],"tweet_date":"2021-09-22T23:00:00","geolocation":null}
{"poi_name":"","poi_id":"","verified":false,"country":"Mexico","id":"1440817673445642250","replied_to_tweet_id":null,"replied_to_user_id":null,"reply_text":"","tweet_text":"RT @alfredodelmazo: El 23 y 24 de septiembre estaremos aplicando la segunda dosis a los adultos de 40 a 49 a\u00f1os en #Amecameca y #Tlalmanalc\u2026","tweet_lang":"es","text_es":"RT  El 23 y 24 de septiembre estaremos aplicando la segunda dosis a los adultos de 40 a 49 a\u00f1os en  y Tlalmanalc\u2026","hashtags":["Amecameca"],"mentions":["alfredodelmazo"],"tweet_urls":[],"tweet_emoticons":[],"tweet_date":"2021-09-22T23:00:00","geolocation":null}
{"poi_name":"","poi_id":"","verified":false,"country":"Mexico","id":"1440817667837808644","replied_to_tweet_id":null,"replied_to_user_id":null,"reply_text":"","tweet_text":"RT @alfredodelmazo: El d\u00eda de ma\u00f1ana 22 de septiembre estaremos aplicando la segunda dosis a los adultos de 30 a 39 a\u00f1os en #MelchorOcampo.\u2026","tweet_lang":"es","text_es":"RT  El d\u00eda de ma\u00f1ana 22 de septiembre estaremos aplicando la segunda dosis a los adultos de 30 a 39 a\u00f1os en \u2026","hashtags":["MelchorOcampo"],"mentions":["alfredodelmazo"],"tweet_urls":[],"tweet_emoticons":[],"tweet_date":"2021-09-22T23:00:00","geolocation":null}
{"poi_name":"","poi_id":"","verified":false,"country":"Mexico","id":"1440817664327180291","replied_to_tweet_id":null,"replied_to_user_id":null,"reply_text":"","tweet_text":"RT @alfredodelmazo: El 23 y 24 de septiembre estaremos aplicando la segunda dosis a los adultos de 40 a 49 a\u00f1os en #Amecameca y #Tlalmanalc\u2026","tweet_lang":"es","text_es":"RT  El 23 y 24 de septiembre estaremos aplicando la segunda dosis a los adultos de 40 a 49 a\u00f1os en  y Tlalmanalc\u2026","hashtags":["Amecameca"],"mentions":["alfredodelmazo"],"tweet_urls":[],"tweet_emoticons":[],"tweet_date":"2021-09-22T23:00:00","geolocation":null}
{"poi_name":"","poi_id":"","verified":false,"country":"Mexico","id":"1440817630424678408","replied_to_tweet_id":null,"replied_to_user_id":null,"reply_text":"","tweet_text":"RT @alfredodelmazo: El 22 y 23 de septiembre estaremos aplicando la segunda dosis a los adultos de 30 a 39 a\u00f1os en #Tepotzotl\u00e1n y #LaPaz. #\u2026","tweet_lang":"es","text_es":"RT  El 22 y 23 de septiembre estaremos aplicando la segunda dosis a los adultos de 30 a 39 a\u00f1os en  y  \u2026","hashtags":["Tepotzotl\u00e1n","LaPaz"],"mentions":["alfredodelmazo"],"tweet_urls":[],"tweet_emoticons":[],"tweet_date":"2021-09-22T23:00:00","geolocation":null}
{"poi_name":"","poi_id":"","verified":false,"country":"Mexico","id":"1440817624951103494","replied_to_tweet_id":null,"replied_to_user_id":null,"reply_text":"","tweet_text":"RT @alfredodelmazo: El 23 y 24 de septiembre estaremos aplicando la segunda dosis a los adultos de 40 a 49 a\u00f1os en #Amecameca y #Tlalmanalc\u2026","tweet_lang":"es","text_es":"RT  El 23 y 24 de septiembre estaremos aplicando la segunda dosis a los adultos de 40 a 49 a\u00f1os en  y Tlalmanalc\u2026","hashtags":["Amecameca"],"mentions":["alfredodelmazo"],"tweet_urls":[],"tweet_emoticons":[],"tweet_date":"2021-09-22T23:00:00","geolocation":null}
{"poi_name":"","poi_id":"","verified":false,"country":"Mexico","id":"1440817611260919808","replied_to_tweet_id":null,"replied_to_user_id":null,"reply_text":"","tweet_text":"RT @alfredodelmazo: El 23 y 24 de septiembre estaremos aplicando la segunda dosis a los adultos de 40 a 49 a\u00f1os en #Amecameca y #Tlalmanalc\u2026","tweet_lang":"es","text_es":"RT  El 23 y 24 de septiembre estaremos aplicando la segunda dosis a los adultos de 40 a 49 a\u00f1os en  y Tlalmanalc\u2026","hashtags":["Amecameca"],"mentions":["alfredodelmazo"],"tweet_urls":[],"tweet_emoticons":[],"tweet_date":"2021-09-22T23:00:00","geolocation":null}
{"poi_name":"","poi_id":"","verified":false,"country":"Mexico","id":"1440817537441165313","replied_to_tweet_id":null,"replied_to_user_id":null,"reply_text":"","tweet_text":"RT @SEMOV_Edomex: Los d\u00edas 23 y 24 de septiembre se estar\u00e1 aplicando la segunda dosis a los adultos de 30 a 39 a\u00f1os en los municipios de #H\u2026","tweet_lang":"es","text_es":"RT  Los d\u00edas 23 y 24 de septiembre se estar\u00e1 aplicando la segunda dosis a los adultos de 30 a 39 a\u00f1os en los municipios de H\u2026","hashtags":[],"mentions":["SEMOV_Edomex"],"tweet_urls":[],"tweet_emoticons":[],"tweet_date":"2021-09-22T23:00:00","geolocation":null}
{"poi_name":"","poi_id":"","verified":false,"country":"Mexico","id":"1440817532517056514","replied_to_tweet_id":null,"replied_to_user_id":null,"reply_text":"","tweet_text":"RT @alfredodelmazo: El 23 y 24 de septiembre estaremos aplicando la segunda dosis a los adultos de 40 a 49 a\u00f1os en #Amecameca y #Tlalmanalc\u2026","tweet_lang":"es","text_es":"RT  El 23 y 24 de septiembre estaremos aplicando la segunda dosis a los adultos de 40 a 49 a\u00f1os en  y Tlalmanalc\u2026","hashtags":["Amecameca"],"mentions":["alfredodelmazo"],"tweet_urls":[],"tweet_emoticons":[],"tweet_date":"2021-09-22T23:00:00","geolocation":null}
