{"poi_name":"","poi_id":"","verified":false,"country":"India","id":"1440588308485066755","replied_to_tweet_id":1440587880116617216,"replied_to_user_id":331425839,"reply_text":"","tweet_text":"@CKMKBXi @thakkar_sameet Second part mai Astra Zeneca covishield likha toh hai bhai waha aur kya chahiye","tweet_lang":"hi","text_hi":"  Second part mai Astra Zeneca covishield likha toh hai bhai waha aur kya chahiye","hashtags":[],"mentions":["CKMKBXi","thakkar_sameet"],"tweet_urls":[],"tweet_emoticons":[],"tweet_date":"2021-09-22T08:00:00","geolocation":null}
{"poi_name":"","poi_id":"","verified":false,"country":"India","id":"1440581398063038465","replied_to_tweet_id":1440580950140674050,"replied_to_user_id":1309036893250740225,"reply_text":"","tweet_text":"@Nehakhaann @OfficialNcoc Sari duniya ko Chinese vaccine lugi jsy he Meri bari aye Astra Zeneca aa gaye. \ud83d\ude44\ud83d\ude44\ud83d\ude15","tweet_lang":"hi","text_hi":"  Sari duniya ko Chinese vaccine lugi jsy he Meri bari aye Astra Zeneca aa gaye ","hashtags":[],"mentions":["Nehakhaann","OfficialNcoc"],"tweet_urls":[],"tweet_emoticons":["\ud83d\ude15","\ud83d\ude44"],"tweet_date":"2021-09-22T08:00:00","geolocation":null}
{"poi_name":"","poi_id":"","verified":false,"country":"India","id":"1439232920569401346","replied_to_tweet_id":1439204604575584258,"replied_to_user_id":1375431331103047685,"reply_text":"","tweet_text":"@OfficialNcoc Astra zeneca ki doosri dose lagwani hai. Chakwal rawalpindi mein kahan se lagay gi?","tweet_lang":"hi","text_hi":" Astra zeneca ki doosri dose lagwani hai Chakwal rawalpindi mein kahan se lagay gi","hashtags":[],"mentions":["OfficialNcoc"],"tweet_urls":[],"tweet_emoticons":[],"tweet_date":"2021-09-18T14:00:00","geolocation":null}
{"poi_name":"","poi_id":"","verified":false,"country":"India","id":"1438900327433052167","replied_to_tweet_id":1438898820612378631,"replied_to_user_id":208488226,"reply_text":"","tweet_text":"@mudazir Bhai. Gujrat City me Astra Zeneca vaccine available hai? Pta krwa sakty ap?","tweet_lang":"hi","text_hi":" Bhai Gujrat City me Astra Zeneca vaccine available hai Pta krwa sakty ap","hashtags":[],"mentions":["mudazir"],"tweet_urls":[],"tweet_emoticons":[],"tweet_date":"2021-09-17T16:00:00","geolocation":null}
{"poi_name":"","poi_id":"","verified":false,"country":"India","id":"1437768392379813895","replied_to_tweet_id":1437717281178472450,"replied_to_user_id":1403642600796692483,"reply_text":"","tweet_text":"@Indian29145600 @Bot02129490 @kaushik_krc @ndtv Abe laude ke lassan usa mein pfizer hai use approval mila hua hai below 18 ko lagane ka yahan pe population ka size dekh chutiye astra zeneca is saal ke end tak 100% population ko first dose lag jaayegi to kya ye achievement ni hai itni zyada population ke liye lodu ??","tweet_lang":"hi","text_hi":"    Abe laude ke lassan usa mein pfizer hai use approval mila hua hai below 18 ko lagane ka yahan pe population ka size dekh chutiye astra zeneca is saal ke end tak 100 population ko first dose lag jaayegi to kya ye achievement ni hai itni zyada population ke liye lodu ","hashtags":[],"mentions":["Indian29145600","Bot02129490","kaushik_krc","ndtv"],"tweet_urls":[],"tweet_emoticons":[],"tweet_date":"2021-09-14T13:00:00","geolocation":null}
