{"poi_name":"","poi_id":"","verified":false,"country":"India","id":"1440666822680866826","replied_to_tweet_id":1.440665002e+18,"replied_to_user_id":1251083774.0,"reply_text":"","tweet_text":"@ChouhanShivraj @BJP4India @JPNadda Nahi hoga \nPregnant women and dhatri woman hai \n98% tak tikakaran ho sakta hai bas\nHelth dipartment ko bewajah paresan na kare Mama ji\ud83d\ude4f\nGhar ghar jakar tika laga rahe hai wo log raat 10 baje tak\nSalary thik se de do pehle savidha walo ko\nFir baat karna tikakaran ki","tweet_lang":"hi","text_hi":"   Nahi hoga \nPregnant women and dhatri woman hai \n98 tak tikakaran ho sakta hai bas\nHelth dipartment ko bewajah paresan na kare Mama ji\nGhar ghar jakar tika laga rahe hai wo log raat 10 baje tak\nSalary thik se de do pehle savidha walo ko\nFir baat karna tikakaran ki","hashtags":[],"mentions":["ChouhanShivraj","BJP4India","JPNadda"],"tweet_urls":[],"tweet_emoticons":["\ud83d\ude4f"],"tweet_date":"2021-09-22T13:00:00","geolocation":null}
{"poi_name":"","poi_id":"","verified":false,"country":"India","id":"1440645436142878726","replied_to_tweet_id":null,"replied_to_user_id":null,"reply_text":"","tweet_text":"Bharat mein sabse jyada tikakaran ho chuka hai #AdaniForIndia","tweet_lang":"hi","text_hi":"Bharat mein sabse jyada tikakaran ho chuka hai ","hashtags":["AdaniForIndia"],"mentions":[],"tweet_urls":[],"tweet_emoticons":[],"tweet_date":"2021-09-22T12:00:00","geolocation":null}
{"poi_name":"","poi_id":"","verified":false,"country":"India","id":"1440579985878650881","replied_to_tweet_id":null,"replied_to_user_id":null,"reply_text":"","tweet_text":"#SitapurCMOviolatingGO\nMahoday CHC adhikshak kamlapur dwara Aaj ke Din Budhwar ko bacchon Ke Liye tikakaran ka din pahle se sunishchit hai Fir bhi adhishak ji dawra baccha ka tikakaran karne ko mana kar diya gaya k vaccine Nahin Hai mahoday uchit karyvahi karne ki karpa kare","tweet_lang":"hi","text_hi":"\nMahoday CHC adhikshak kamlapur dwara Aaj ke Din Budhwar ko bacchon Ke Liye tikakaran ka din pahle se sunishchit hai Fir bhi adhishak ji dawra baccha ka tikakaran karne ko mana kar diya gaya k vaccine Nahin Hai mahoday uchit karyvahi karne ki karpa kare","hashtags":["SitapurCMOviolatingGO"],"mentions":[],"tweet_urls":[],"tweet_emoticons":[],"tweet_date":"2021-09-22T08:00:00","geolocation":null}
{"poi_name":"","poi_id":"","verified":false,"country":"India","id":"1440522734732079110","replied_to_tweet_id":1.440405582e+18,"replied_to_user_id":88199384.0,"reply_text":"","tweet_text":"@SushantBSinha @narendramodi Window se haath bahar mat nikalna or saheb ke alawa koi or khane ko biscuit de to usse mat khana.Ok or han air hostes se tamez se pesh ana nahi to onboard tikakaran ho jata hai.Bhagto ke nazre tujh par hi tiki hai or theek se ponch jao to miss call kardena.Happy journey chusantji","tweet_lang":"hi","text_hi":"  Window se haath bahar mat nikalna or saheb ke alawa koi or khane ko biscuit de to usse mat khanaOk or han air hostes se tamez se pesh ana nahi to onboard tikakaran ho jata haiBhagto ke nazre tujh par hi tiki hai or theek se ponch jao to miss call kardenaHappy journey chusantji","hashtags":[],"mentions":["SushantBSinha","narendramodi"],"tweet_urls":[],"tweet_emoticons":[],"tweet_date":"2021-09-22T04:00:00","geolocation":null}
{"poi_name":"","poi_id":"","verified":false,"country":"India","id":"1440212782729752576","replied_to_tweet_id":null,"replied_to_user_id":null,"reply_text":"","tweet_text":"\u092a\u093e\u0915\u093f\u0938\u094d\u0924\u093e\u0928 \u092e\u0947\u0902 \u092a\u094b\u0932\u093f\u092f\u094b \u091f\u0940\u0915\u093e\u0915\u0930\u0923 \u0926\u0932 \u0915\u0940 \u0938\u0941\u0930\u0915\u094d\u0937\u093e \u0915\u0930 \u0930\u0939\u0947 \u092a\u0941\u0932\u093f\u0938 \u0926\u0932 \u092a\u0930 \u0917\u094b\u0932\u0940\u092c\u093e\u0930\u0940 !\n\n\u090f\u0915 \u092a\u0941\u0932\u093f\u0938\u0915\u0930\u094d\u092e\u0940 \u0915\u0940 \u092e\u0943\u0924\u094d\u092f\u0941 !\n\nhttps:\/\/t.co\/KcUiD9Kq77\n\n#Pakistan #tuesdayvibe","tweet_lang":"hi","text_hi":"\u092a\u093e\u0915\u093f\u0938\u094d\u0924\u093e\u0928 \u092e\u0947\u0902 \u092a\u094b\u0932\u093f\u092f\u094b \u091f\u0940\u0915\u093e\u0915\u0930\u0923 \u0926\u0932 \u0915\u0940 \u0938\u0941\u0930\u0915\u094d\u0937\u093e \u0915\u0930 \u0930\u0939\u0947 \u092a\u0941\u0932\u093f\u0938 \u0926\u0932 \u092a\u0930 \u0917\u094b\u0932\u0940\u092c\u093e\u0930\u0940 \n\n\u090f\u0915 \u092a\u0941\u0932\u093f\u0938\u0915\u0930\u094d\u092e\u0940 \u0915\u0940 \u092e\u0943\u0924\u094d\u092f\u0941 \n\n\n\n ","hashtags":["Pakistan","tuesdayvibe"],"mentions":[],"tweet_urls":["https:\/\/t.co\/KcUiD9Kq77"],"tweet_emoticons":[],"tweet_date":"2021-09-21T07:00:00","geolocation":null}
{"poi_name":"","poi_id":"","verified":false,"country":"India","id":"1439842102788050944","replied_to_tweet_id":null,"replied_to_user_id":null,"reply_text":"","tweet_text":"Thank you sir tikakaran jaatiyya adhaar pe nnahi kiya aapne. Baaki toh kya kar sakte he. https:\/\/t.co\/2E0babj6J9","tweet_lang":"hi","text_hi":"Thank you sir tikakaran jaatiyya adhaar pe nnahi kiya aapne Baaki toh kya kar sakte he ","hashtags":[],"mentions":[],"tweet_urls":["https:\/\/t.co\/2E0babj6J9"],"tweet_emoticons":[],"tweet_date":"2021-09-20T07:00:00","geolocation":null}
{"poi_name":"","poi_id":"","verified":false,"country":"India","id":"1439793050562154497","replied_to_tweet_id":1.43954127e+18,"replied_to_user_id":1403858670.0,"reply_text":"","tweet_text":"@mangalpandeybjp Maanniye 5 karor logon ke tikakaran per aap ko, Shri C. M. Mahoday, aur Maanniye P. M. Shree Modi G ko bahut-bahut Mubarakbaad, Lekin Bihar ke grameen chetron mein aur bhi jyaada prayaas ki jarurat hai.","tweet_lang":"hi","text_hi":" Maanniye 5 karor logon ke tikakaran per aap ko Shri C M Mahoday aur Maanniye P M Shree Modi G ko bahutbahut Mubarakbaad Lekin Bihar ke grameen chetron mein aur bhi jyaada prayaas ki jarurat hai","hashtags":[],"mentions":["mangalpandeybjp"],"tweet_urls":[],"tweet_emoticons":[],"tweet_date":"2021-09-20T03:00:00","geolocation":null}
{"poi_name":"","poi_id":"","verified":false,"country":"India","id":"1439631132996210696","replied_to_tweet_id":1.439619939e+18,"replied_to_user_id":7.242055746e+17,"reply_text":"","tweet_text":"@OfficeOfKNath Aadarniy Kamalnath ji e Madhya Pradesh ke Atithi shikshakon ka Niyam tikakaran 12 month ka Seva Kal 62 varsh ki Umra Tak jo jis pad per niyukt hai hi use Usi pad per yathavat Rakha Jaaye Ham Sabhi Atithi Shikshak aapke ah sadaiv aabhari Rahenge","tweet_lang":"hi","text_hi":" Aadarniy Kamalnath ji e Madhya Pradesh ke Atithi shikshakon ka Niyam tikakaran 12 month ka Seva Kal 62 varsh ki Umra Tak jo jis pad per niyukt hai hi use Usi pad per yathavat Rakha Jaaye Ham Sabhi Atithi Shikshak aapke ah sadaiv aabhari Rahenge","hashtags":[],"mentions":["OfficeOfKNath"],"tweet_urls":[],"tweet_emoticons":[],"tweet_date":"2021-09-19T17:00:00","geolocation":null}
{"poi_name":"","poi_id":"","verified":false,"country":"India","id":"1439572477122945030","replied_to_tweet_id":1.439137164e+18,"replied_to_user_id":143409075.0,"reply_text":"","tweet_text":"@NitishKumar sirji,\nTikakaran to chalta rahega jaise central goverment chala rahi hai..\n\nuska aap creadit kyon le rahe hai..\n\npl devlopment per focous kijiye \n15 years me kuch bhi nahi huaa bihar me.\n\nAgar nahi kar pa rahe hai to resion kar dijiye","tweet_lang":"hi","text_hi":" sirji\nTikakaran to chalta rahega jaise central goverment chala rahi hai\n\nuska aap creadit kyon le rahe hai\n\npl devlopment per focous kijiye \n15 years me kuch bhi nahi huaa bihar me\n\nAgar nahi kar pa rahe hai to resion kar dijiye","hashtags":[],"mentions":["NitishKumar"],"tweet_urls":[],"tweet_emoticons":[],"tweet_date":"2021-09-19T13:00:00","geolocation":null}
{"poi_name":"","poi_id":"","verified":false,"country":"India","id":"1439548126130421761","replied_to_tweet_id":1.439469132e+18,"replied_to_user_id":3171712086.0,"reply_text":"","tweet_text":"@RahulGandhi Bhai conclude tumhaare tikakaran ke saath hoga..\ud83d\ude02","tweet_lang":"hi","text_hi":" Bhai conclude tumhaare tikakaran ke saath hoga","hashtags":[],"mentions":["RahulGandhi"],"tweet_urls":[],"tweet_emoticons":["\ud83d\ude02"],"tweet_date":"2021-09-19T11:00:00","geolocation":null}
{"poi_name":"","poi_id":"","verified":false,"country":"India","id":"1439504026333114369","replied_to_tweet_id":null,"replied_to_user_id":null,"reply_text":"","tweet_text":"Gorabauram phc par covishield  tikakaran aaj nhi ho raha hai. Public  DM sahab ka list dekh kar ja rahe hai aur phc apna manmani kar raha hai. Ek bar aur complain  kiye the to mera tweet hi delete kar diya gya tha. \n#DM @darbhanga_dm","tweet_lang":"hi","text_hi":"Gorabauram phc par covishield  tikakaran aaj nhi ho raha hai Public   sahab ka list dekh kar ja rahe hai aur phc apna manmani kar raha hai Ek bar aur complain  kiye the to mera tweet hi delete kar diya gya tha \n ","hashtags":["DM"],"mentions":["darbhanga_dm"],"tweet_urls":[],"tweet_emoticons":[],"tweet_date":"2021-09-19T08:00:00","geolocation":null}
{"poi_name":"","poi_id":"","verified":false,"country":"India","id":"1439479813908013060","replied_to_tweet_id":1.439153048e+18,"replied_to_user_id":1153045459.0,"reply_text":"","tweet_text":"@INCIndia Bhakt tikakaran hai ye....","tweet_lang":"hi","text_hi":" Bhakt tikakaran hai ye","hashtags":[],"mentions":["INCIndia"],"tweet_urls":[],"tweet_emoticons":[],"tweet_date":"2021-09-19T07:00:00","geolocation":null}
{"poi_name":"","poi_id":"","verified":false,"country":"India","id":"1439473566039244802","replied_to_tweet_id":1.439434874e+18,"replied_to_user_id":1.099547584e+18,"reply_text":"","tweet_text":"@ShyamMeeraSingh @Pmoresd Ek bund jindgi ki or vaccination mai fark samjne walon ko samj aa jayega. Itni bhi samj nahi ki \u092a\u0932\u094d\u0938 \u092a\u094b\u0932\u093f\u092f\u094b ki khurak pilayi jati hai jo koi bhi pila sake..yahan tikakaran ki baat ho rahi hai Janab","tweet_lang":"hi","text_hi":"  Ek bund jindgi ki or vaccination mai fark samjne walon ko samj aa jayega Itni bhi samj nahi ki \u092a\u0932\u094d\u0938 \u092a\u094b\u0932\u093f\u092f\u094b ki khurak pilayi jati hai jo koi bhi pila sakeyahan tikakaran ki baat ho rahi hai Janab","hashtags":[],"mentions":["ShyamMeeraSingh","Pmoresd"],"tweet_urls":[],"tweet_emoticons":[],"tweet_date":"2021-09-19T06:00:00","geolocation":null}
{"poi_name":"","poi_id":"","verified":false,"country":"India","id":"1439460515319746562","replied_to_tweet_id":null,"replied_to_user_id":null,"reply_text":"","tweet_text":"Gorabauram phc par covishield  tikakaran aaj nhi ho raha hai. Public  DM sahab ka list dekh kar ja rahe hai aur phc apna manmani kar raha hai. Ek bar aur complain  kiye the to mera tweet hi delete kar diya gya tha.@darbhanga_dm @NitishKumar @mangalpandeybjp","tweet_lang":"hi","text_hi":"Gorabauram phc par covishield  tikakaran aaj nhi ho raha hai Public  DM sahab ka list dekh kar ja rahe hai aur phc apna manmani kar raha hai Ek bar aur complain  kiye the to mera tweet hi delete kar diya gya tha  ","hashtags":[],"mentions":["darbhanga_dm","NitishKumar","mangalpandeybjp"],"tweet_urls":[],"tweet_emoticons":[],"tweet_date":"2021-09-19T05:00:00","geolocation":null}
{"poi_name":"","poi_id":"","verified":false,"country":"India","id":"1439438965342236676","replied_to_tweet_id":1.439240158e+18,"replied_to_user_id":43710079.0,"reply_text":"","tweet_text":"@Ashok_Kashmir Is bimari ka tikakaran kya 2024 ke bad uplabdh hoga...","tweet_lang":"hi","text_hi":" Is bimari ka tikakaran kya 2024 ke bad uplabdh hoga","hashtags":[],"mentions":["Ashok_Kashmir"],"tweet_urls":[],"tweet_emoticons":[],"tweet_date":"2021-09-19T04:00:00","geolocation":null}
{"poi_name":"","poi_id":"","verified":false,"country":"India","id":"1439435306214723589","replied_to_tweet_id":1.439216942e+18,"replied_to_user_id":9.869634127e+17,"reply_text":"","tweet_text":"@DCEastSinghbhum @HemantSorenJMM @JharkhandCMO @NHM_JHARKHAND @PRDJSR Sir tekakaran ko or aashan bnane ki jarurat h jisse har aadmi aashanise tikakaran ka labh utha sakta h aaj main bahut uljhan me hun jiska karan h mera tikakaran k time mob no ka galat hona hamne DC office me complain bhi kiya h magar abhi tak koi information nahi mila h","tweet_lang":"hi","text_hi":"     Sir tekakaran ko or aashan bnane ki jarurat h jisse har aadmi aashanise tikakaran ka labh utha sakta h aaj main bahut uljhan me hun jiska karan h mera tikakaran k time mob no ka galat hona hamne DC office me complain bhi kiya h magar abhi tak koi information nahi mila h","hashtags":[],"mentions":["DCEastSinghbhum","HemantSorenJMM","JharkhandCMO","NHM_JHARKHAND","PRDJSR"],"tweet_urls":[],"tweet_emoticons":[],"tweet_date":"2021-09-19T04:00:00","geolocation":null}
{"poi_name":"","poi_id":"","verified":false,"country":"India","id":"1439416598184349700","replied_to_tweet_id":1.439106655e+18,"replied_to_user_id":471741741.0,"reply_text":"","tweet_text":"@PMOIndia @narendramodi PM sir UP me anm,s Samvida salary 12000 aur kharch 30000 hai other district me family chodkar 2.5year se500-600 km door Kary kar rhi hai inka transfer home district me v niymit krane ki kripa kre aur up me covid Tikakaran 1st kraya thanks","tweet_lang":"hi","text_hi":"  PM sir UP me anms Samvida salary 12000 aur kharch 30000 hai other district me family chodkar 25year se500600 km door Kary kar rhi hai inka transfer home district me v niymit krane ki kripa kre aur up me covid Tikakaran 1st kraya thanks","hashtags":[],"mentions":["PMOIndia","narendramodi"],"tweet_urls":[],"tweet_emoticons":[],"tweet_date":"2021-09-19T03:00:00","geolocation":null}
{"poi_name":"","poi_id":"","verified":false,"country":"India","id":"1439364813130371077","replied_to_tweet_id":1.439230531e+18,"replied_to_user_id":1.251193048e+18,"reply_text":"","tweet_text":"@officecmbihar @NitishKumar Satanpur samastipur TIKAKARAN huaa https:\/\/t.co\/L8NukyFJi1","tweet_lang":"hi","text_hi":"  Satanpur samastipur TIKAKARAN huaa httpstcoL8NukyFJi1","hashtags":[],"mentions":["officecmbihar","NitishKumar"],"tweet_urls":[],"tweet_emoticons":[],"tweet_date":"2021-09-18T23:00:00","geolocation":null}
{"poi_name":"","poi_id":"","verified":false,"country":"India","id":"1439298214025367559","replied_to_tweet_id":1.439105661e+18,"replied_to_user_id":471741741.0,"reply_text":"","tweet_text":"@PMOIndia @narendramodi TIKAKARAN KI BAAT KARTE TUMHARI SARKAR NE VIGYAPNO KE ILAVA KIYA KYA H 3000 CRORE KA TO VIGYAPAN HI CHAP DIYE HO \nFEKU CHAND","tweet_lang":"hi","text_hi":"  TIKAKARAN KI BAAT KARTE TUMHARI SARKAR NE VIGYAPNO KE ILAVA KIYA KYA H 3000 CRORE KA TO VIGYAPAN HI CHAP DIYE HO \nFEKU CHAND","hashtags":[],"mentions":["PMOIndia","narendramodi"],"tweet_urls":[],"tweet_emoticons":[],"tweet_date":"2021-09-18T19:00:00","geolocation":null}
{"poi_name":"","poi_id":"","verified":false,"country":"India","id":"1439292498040344576","replied_to_tweet_id":null,"replied_to_user_id":null,"reply_text":"","tweet_text":"Up me anm sambida krmi ka kuch nhi hone Wala 10000 ki salary pr sb covid ki Vaccination aur Baccho ki tikakaran aur v sb Kam krwate h","tweet_lang":"hi","text_hi":"Up me anm sambida krmi ka kuch nhi hone Wala 10000 ki salary pr sb covid ki Vaccination aur Baccho ki tikakaran aur v sb Kam krwate h","hashtags":[],"mentions":[],"tweet_urls":[],"tweet_emoticons":[],"tweet_date":"2021-09-18T18:00:00","geolocation":null}
{"poi_name":"","poi_id":"","verified":false,"country":"India","id":"1439273317442015232","replied_to_tweet_id":1.439137402e+18,"replied_to_user_id":143409075.0,"reply_text":"","tweet_text":"@NitishKumar Kal ke hisaab se Aaj ~ 5% tikakaran hua hai . Swasthya vibhaag aaj toh bilkul bhi usi manoyog ke saath kaam nahi kar paaya . Kal ka pata nahi . Track record se kal bhi nahi ho payega.","tweet_lang":"hi","text_hi":" Kal ke hisaab se Aaj  5 tikakaran hua hai  Swasthya vibhaag aaj toh bilkul bhi usi manoyog ke saath kaam nahi kar paaya  Kal ka pata nahi  Track record se kal bhi nahi ho payega","hashtags":[],"mentions":["NitishKumar"],"tweet_urls":[],"tweet_emoticons":[],"tweet_date":"2021-09-18T17:00:00","geolocation":null}
{"poi_name":"","poi_id":"","verified":true,"country":"India","id":"1439252710562287620","replied_to_tweet_id":null,"replied_to_user_id":null,"reply_text":"","tweet_text":"'2.5 \u0915\u0930\u094b\u0921\u093c \u091f\u0940\u0915\u093e\u0915\u0930\u0923 \u0915\u0947 \u0930\u093f\u0915\u0949\u0930\u094d\u0921 \u0915\u0947 \u092c\u093e\u0926 \u090f\u0915 \u0930\u093e\u091c\u0928\u0940\u0924\u093f\u0915 \u0926\u0932 \u0915\u094b \u092c\u0941\u0916\u093e\u0930 \u0906 \u0917\u092f\u093e,' PM \u092e\u094b\u0926\u0940 \u0915\u093e \u0935\u093f\u092a\u0915\u094d\u0937 \u092a\u0930 \u0924\u0902\u091c #news #dailyhunt https:\/\/t.co\/dZjHY5laty","tweet_lang":"hi","text_hi":"25 \u0915\u0930\u094b\u0921\u093c \u091f\u0940\u0915\u093e\u0915\u0930\u0923 \u0915\u0947 \u0930\u093f\u0915\u0949\u0930\u094d\u0921 \u0915\u0947 \u092c\u093e\u0926 \u090f\u0915 \u0930\u093e\u091c\u0928\u0940\u0924\u093f\u0915 \u0926\u0932 \u0915\u094b \u092c\u0941\u0916\u093e\u0930 \u0906 \u0917\u092f\u093e PM \u092e\u094b\u0926\u0940 \u0915\u093e \u0935\u093f\u092a\u0915\u094d\u0937 \u092a\u0930 \u0924\u0902\u091c   ","hashtags":["news","dailyhunt"],"mentions":[],"tweet_urls":["https:\/\/t.co\/dZjHY5laty"],"tweet_emoticons":[],"tweet_date":"2021-09-18T16:00:00","geolocation":null}
{"poi_name":"","poi_id":"","verified":false,"country":"India","id":"1439210836447272964","replied_to_tweet_id":null,"replied_to_user_id":null,"reply_text":"","tweet_text":"\u0928\u0930\u0947\u0902\u0926\u094d\u0930 \u092e\u094b\u0926\u0940 \u0928\u0947 \u0915\u0939\u093e- \u0930\u093f\u0915\u0949\u0930\u094d\u0921 \u091f\u0940\u0915\u093e\u0915\u0930\u0923 \u0938\u0947 \u091c\u0928\u094d\u092e\u0926\u093f\u0928 \u0930\u0939\u093e \u0916\u093e\u0938, \u0932\u094b\u0917\u094b\u0902 \u0928\u0947 \u092a\u0942\u091b\u093e- \u0928\u093f\u0930\u0902\u0924\u0930\u0924\u093e \u0915\u094d\u092f\u094b\u0902 \u0928\u0939\u0940\u0902 \u0930\u0916 \u092a\u093e\u0924\u0947 \u092c\u0930\u0915\u0930\u093e\u0930?\n\nhttps:\/\/t.co\/7ighlj3eVe\nSource : \"\u091c\u0928\u0938\u0924\u094d\u0924\u093e \" via Dailyhunt\n\n\u0921\u093e\u0909\u0928\u0932\u094b\u0921 \u0915\u0930\u0947\u0902:\nhttps:\/\/t.co\/Pbl1aQXwr1","tweet_lang":"hi","text_hi":"\u0928\u0930\u0947\u0902\u0926\u094d\u0930 \u092e\u094b\u0926\u0940 \u0928\u0947 \u0915\u0939\u093e \u0930\u093f\u0915\u0949\u0930\u094d\u0921 \u091f\u0940\u0915\u093e\u0915\u0930\u0923 \u0938\u0947 \u091c\u0928\u094d\u092e\u0926\u093f\u0928 \u0930\u0939\u093e \u0916\u093e\u0938 \u0932\u094b\u0917\u094b\u0902 \u0928\u0947 \u092a\u0942\u091b\u093e \u0928\u093f\u0930\u0902\u0924\u0930\u0924\u093e \u0915\u094d\u092f\u094b\u0902 \u0928\u0939\u0940\u0902 \u0930\u0916 \u092a\u093e\u0924\u0947 \u092c\u0930\u0915\u0930\u093e\u0930\n\n\nSource  \u091c\u0928\u0938\u0924\u094d\u0924\u093e  via Dailyhunt\n\n\u0921\u093e\u0909\u0928\u0932\u094b\u0921 \u0915\u0930\u0947\u0902\n","hashtags":[],"mentions":[],"tweet_urls":["https:\/\/t.co\/7ighlj3eVe","https:\/\/t.co\/Pbl1aQXwr1"],"tweet_emoticons":[],"tweet_date":"2021-09-18T13:00:00","geolocation":null}
{"poi_name":"","poi_id":"","verified":false,"country":"India","id":"1439122343880642562","replied_to_tweet_id":null,"replied_to_user_id":null,"reply_text":"","tweet_text":"FARJI tikakaran hua hai https:\/\/t.co\/LsFsFG3xs6","tweet_lang":"hi","text_hi":"FARJI tikakaran hua hai ","hashtags":[],"mentions":[],"tweet_urls":["https:\/\/t.co\/LsFsFG3xs6"],"tweet_emoticons":[],"tweet_date":"2021-09-18T07:00:00","geolocation":null}
{"poi_name":"","poi_id":"","verified":false,"country":"India","id":"1438992606394863616","replied_to_tweet_id":1.438932987e+18,"replied_to_user_id":432697203.0,"reply_text":"","tweet_text":"@mansukhmandviya @narendramodi Ye utsav ek din ka hai ya kal frse haafne lagega tikakaran netaji ye v bata dijiye","tweet_lang":"hi","text_hi":"  Ye utsav ek din ka hai ya kal frse haafne lagega tikakaran netaji ye v bata dijiye","hashtags":[],"mentions":["mansukhmandviya","narendramodi"],"tweet_urls":[],"tweet_emoticons":[],"tweet_date":"2021-09-17T22:00:00","geolocation":null}
{"poi_name":"","poi_id":"","verified":false,"country":"India","id":"1438894127689568256","replied_to_tweet_id":1.438844539e+18,"replied_to_user_id":42606652.0,"reply_text":"","tweet_text":"@aajtak Covid-19 ke tikakaran bike senior San ke liye Aaj Modi ji ke janm Divas per Jan sailab umarpada https:\/\/t.co\/6S0D2sOEC5","tweet_lang":"hi","text_hi":" Covid19 ke tikakaran bike senior San ke liye Aaj Modi ji ke janm Divas per Jan sailab umarpada httpstco6S0D2sOEC5","hashtags":[],"mentions":["aajtak"],"tweet_urls":[],"tweet_emoticons":[],"tweet_date":"2021-09-17T16:00:00","geolocation":null}
{"poi_name":"","poi_id":"","verified":false,"country":"India","id":"1438890094274908163","replied_to_tweet_id":null,"replied_to_user_id":null,"reply_text":"","tweet_text":"Kas aaj non BJP ruler state bhi tikakaran par jod diya gaya hota to 3 crore tikakaran ho jata.Lekin non BJP ruler state ne modi virodh me vaccination ko normal bhi nahi kiya.modi virodh me Desh virodhi ho gai hai party","tweet_lang":"hi","text_hi":"Kas aaj non BJP ruler state bhi tikakaran par jod diya gaya hota to 3 crore tikakaran ho jataLekin non BJP ruler state ne modi virodh me vaccination ko normal bhi nahi kiyamodi virodh me Desh virodhi ho gai hai party","hashtags":[],"mentions":[],"tweet_urls":[],"tweet_emoticons":[],"tweet_date":"2021-09-17T16:00:00","geolocation":null}
{"poi_name":"","poi_id":"","verified":false,"country":"India","id":"1438876053515030528","replied_to_tweet_id":1.438711297e+18,"replied_to_user_id":405427035.0,"reply_text":"","tweet_text":"@ArvindKejriwal @narendramodi Healthy life to hogi,aaj dekho kitne logo ka tikakaran hua unke janan diwas per,kabhi hua kisi pm ke birthday per","tweet_lang":"hi","text_hi":"  Healthy life to hogiaaj dekho kitne logo ka tikakaran hua unke janan diwas perkabhi hua kisi pm ke birthday per","hashtags":[],"mentions":["ArvindKejriwal","narendramodi"],"tweet_urls":[],"tweet_emoticons":[],"tweet_date":"2021-09-17T15:00:00","geolocation":null}
{"poi_name":"","poi_id":"","verified":false,"country":"India","id":"1438875467306520576","replied_to_tweet_id":1.438109097e+18,"replied_to_user_id":3437532637.0,"reply_text":"","tweet_text":"@myogiadityanath @narendramodi Tikakaran ke liye bahut bahut badhai aapko yogi Ji","tweet_lang":"hi","text_hi":"  Tikakaran ke liye bahut bahut badhai aapko yogi Ji","hashtags":[],"mentions":["myogiadityanath","narendramodi"],"tweet_urls":[],"tweet_emoticons":[],"tweet_date":"2021-09-17T15:00:00","geolocation":null}
{"poi_name":"","poi_id":"","verified":false,"country":"India","id":"1438840053061521414","replied_to_tweet_id":null,"replied_to_user_id":null,"reply_text":"","tweet_text":"MP main chale tikakaran aviyan main 4 coror se adheek logo ko pahali khurak mili or 1 coror logo ko dushri khurak mili.\n #MPVaccinationMahaAbhiyan3","tweet_lang":"hi","text_hi":"MP main chale tikakaran aviyan main 4 coror se adheek logo ko pahali khurak mili or 1 coror logo ko dushri khurak mili\n ","hashtags":["MPVaccinationMahaAbhiyan3"],"mentions":[],"tweet_urls":[],"tweet_emoticons":[],"tweet_date":"2021-09-17T12:00:00","geolocation":null}
{"poi_name":"","poi_id":"","verified":false,"country":"India","id":"1438838923753492480","replied_to_tweet_id":null,"replied_to_user_id":null,"reply_text":"","tweet_text":"Mp me teesri baar tikakaran ho rha aaj..\n\nGet Vaccinated everyone..\n\nVaccine lagao aur corona ko harao\n\n#MPVaccinationMahaAbhiyan3 https:\/\/t.co\/gkgjit9kDD","tweet_lang":"hi","text_hi":"Mp me teesri baar tikakaran ho rha aaj\n\nGet Vaccinated everyone\n\nVaccine lagao aur corona ko harao\n\n httpstcogkgjit9kDD","hashtags":["MPVaccinationMahaAbhiyan3"],"mentions":[],"tweet_urls":[],"tweet_emoticons":[],"tweet_date":"2021-09-17T12:00:00","geolocation":null}
{"poi_name":"","poi_id":"","verified":false,"country":"India","id":"1438827920844328963","replied_to_tweet_id":null,"replied_to_user_id":null,"reply_text":"","tweet_text":"\u092c\u093f\u0939\u093e\u0930 \u092e\u0947\u0902 \u091f\u0940\u0915\u093e\u0915\u0930\u0923 \u092e\u0939\u093e\u0905\u092d\u093f\u092f\u093e\u0928, \u092e\u0941\u091c\u092b\u094d\u092b\u0930\u092a\u0941\u0930 \u0915\u0947 \u0907\u0938 \u0938\u0947\u0902\u091f\u0930 \u092a\u0930 150 \u0932\u094b\u0917\u094b\u0902 \u0915\u094b \u0939\u0940 \u0932\u0917\u093e \u0935\u0948\u0915\u094d\u0938\u0940\u0928, \u0915\u0941\u091b \u0926\u0947\u0930 \u092e\u0947\u0902 \u0938\u0947\u0902\u091f\u0930 \u092c\u0902\u0926 https:\/\/t.co\/PIzgmBAQXx","tweet_lang":"hi","text_hi":"\u092c\u093f\u0939\u093e\u0930 \u092e\u0947\u0902 \u091f\u0940\u0915\u093e\u0915\u0930\u0923 \u092e\u0939\u093e\u0905\u092d\u093f\u092f\u093e\u0928 \u092e\u0941\u091c\u092b\u094d\u092b\u0930\u092a\u0941\u0930 \u0915\u0947 \u0907\u0938 \u0938\u0947\u0902\u091f\u0930 \u092a\u0930 150 \u0932\u094b\u0917\u094b\u0902 \u0915\u094b \u0939\u0940 \u0932\u0917\u093e \u0935\u0948\u0915\u094d\u0938\u0940\u0928 \u0915\u0941\u091b \u0926\u0947\u0930 \u092e\u0947\u0902 \u0938\u0947\u0902\u091f\u0930 \u092c\u0902\u0926 ","hashtags":[],"mentions":[],"tweet_urls":["https:\/\/t.co\/PIzgmBAQXx"],"tweet_emoticons":[],"tweet_date":"2021-09-17T12:00:00","geolocation":null}
{"poi_name":"","poi_id":"","verified":false,"country":"India","id":"1438814034380275717","replied_to_tweet_id":null,"replied_to_user_id":null,"reply_text":"","tweet_text":"\u092a\u094d\u0930\u0927\u093e\u0928\u092e\u0902\u0924\u094d\u0930\u0940 \u0928\u0930\u0947\u0902\u0926\u094d\u0930 \u092e\u094b\u0926\u0940 \u091c\u0940 \u0915\u0947 \u091c\u0928\u094d\u092e\u0926\u093f\u0928 \u092a\u0930 \u0906\u091c \u092c\u093f\u0939\u093e\u0930 \u092e\u0947\u0902 \u0915\u094b\u0935\u093f\u0921 \u091f\u0940\u0915\u093e\u0915\u0930\u0923 \u092e\u0939\u093e\u092d\u093f\u092f\u093e\u0928 2.0 \u0915\u093e\u0930\u094d\u092f\u0915\u094d\u0930\u092e \u0915\u0947 \u0924\u0939\u0924 \u092a\u094d\u0930\u0926\u0947\u0936 \u092e\u0947\u0902 30 \u0932\u093e\u0916 \u0932\u094b\u0902\u0917\u094b \u0915\u094b \u091f\u093f\u0915\u093e \u0926\u0947\u0928\u0947 \u0915\u093e \u0932\u0915\u094d\u0937\u094d\u092f \u0930\u0916\u093e \u0917\u092f\u093e \u0939\u0948\u0902 \u0964 @narendramodi @NitishKumar @mangalpandeybjp @BiharHealthDept #HappyBirthdayModiji #tikakaran_mahabhiyan https:\/\/t.co\/eDIsTfaJqK","tweet_lang":"hi","text_hi":"\u092a\u094d\u0930\u0927\u093e\u0928\u092e\u0902\u0924\u094d\u0930\u0940 \u0928\u0930\u0947\u0902\u0926\u094d\u0930 \u092e\u094b\u0926\u0940 \u091c\u0940 \u0915\u0947 \u091c\u0928\u094d\u092e\u0926\u093f\u0928 \u092a\u0930 \u0906\u091c \u092c\u093f\u0939\u093e\u0930 \u092e\u0947\u0902 \u0915\u094b\u0935\u093f\u0921 \u091f\u0940\u0915\u093e\u0915\u0930\u0923 \u092e\u0939\u093e\u092d\u093f\u092f\u093e\u0928 20 \u0915\u093e\u0930\u094d\u092f\u0915\u094d\u0930\u092e \u0915\u0947 \u0924\u0939\u0924 \u092a\u094d\u0930\u0926\u0947\u0936 \u092e\u0947\u0902 30 \u0932\u093e\u0916 \u0932\u094b\u0902\u0917\u094b \u0915\u094b \u091f\u093f\u0915\u093e \u0926\u0947\u0928\u0947 \u0915\u093e \u0932\u0915\u094d\u0937\u094d\u092f \u0930\u0916\u093e \u0917\u092f\u093e \u0939\u0948\u0902 \u0964       httpstcoeDIsTfaJqK","hashtags":["HappyBirthdayModiji","tikakaran_mahabhiyan"],"mentions":["narendramodi","NitishKumar","mangalpandeybjp","BiharHealthDept"],"tweet_urls":[],"tweet_emoticons":[],"tweet_date":"2021-09-17T11:00:00","geolocation":null}
{"poi_name":"","poi_id":"","verified":false,"country":"India","id":"1438767596304834565","replied_to_tweet_id":null,"replied_to_user_id":null,"reply_text":"","tweet_text":"PM Modi Birthday Special: \u0928\u0940\u0924\u0940\u0936 \u0938\u0930\u0915\u093e\u0930 \u0915\u093e \u092a\u094d\u0930\u0927\u093e\u0928\u092e\u0902\u0924\u094d\u0930\u0940 \u0915\u094b \u0924\u094b\u0939\u092b\u093e, \u092c\u093f\u0939\u093e\u0930 \u092e\u0947\u0902 \u091f\u0940\u0915\u093e\u0915\u0930\u0923 \u092e\u0939\u093e\u0905\u092d\u093f\u092f\u093e\u0928 \u0915\u0940 \u0936\u0941\u0930\u0941\u0906\u0924, 11 \u092c\u091c\u0947 \u0924\u0915 5 \u0932\u093e\u0916 \u091f\u0940\u0915\u093e\u0915\u0930\u0923 https:\/\/t.co\/XncIFmitlB","tweet_lang":"hi","text_hi":"PM Modi Birthday Special \u0928\u0940\u0924\u0940\u0936 \u0938\u0930\u0915\u093e\u0930 \u0915\u093e \u092a\u094d\u0930\u0927\u093e\u0928\u092e\u0902\u0924\u094d\u0930\u0940 \u0915\u094b \u0924\u094b\u0939\u092b\u093e \u092c\u093f\u0939\u093e\u0930 \u092e\u0947\u0902 \u091f\u0940\u0915\u093e\u0915\u0930\u0923 \u092e\u0939\u093e\u0905\u092d\u093f\u092f\u093e\u0928 \u0915\u0940 \u0936\u0941\u0930\u0941\u0906\u0924 11 \u092c\u091c\u0947 \u0924\u0915 5 \u0932\u093e\u0916 \u091f\u0940\u0915\u093e\u0915\u0930\u0923 ","hashtags":[],"mentions":[],"tweet_urls":["https:\/\/t.co\/XncIFmitlB"],"tweet_emoticons":[],"tweet_date":"2021-09-17T08:00:00","geolocation":null}
{"poi_name":"","poi_id":"","verified":false,"country":"India","id":"1438753512079253505","replied_to_tweet_id":null,"replied_to_user_id":null,"reply_text":"","tweet_text":"\u091c\u0928\u094d\u092e\u0926\u093f\u0928 \u092a\u0930 PM \u092e\u094b\u0926\u0940 \u0915\u094b \u0928\u0940\u0924\u0940\u0936 \u0928\u0947 \u0926\u093f\u092f\u093e \u0924\u094b\u0939\u092b\u093e, \u092c\u093f\u0939\u093e\u0930 \u092e\u0947\u0902 \u091f\u0940\u0915\u093e\u0915\u0930\u0923 \u092e\u0939\u093e\u0905\u092d\u093f\u092f\u093e\u0928 2.0 \u0915\u0940 \u0936\u0941\u0930\u0941\u0906\u0924\nhttps:\/\/t.co\/iy7Y5JkuRL\n\n#HappyBdayModiji #SevaAurSamarpan #vaccination","tweet_lang":"hi","text_hi":"\u091c\u0928\u094d\u092e\u0926\u093f\u0928 \u092a\u0930 PM \u092e\u094b\u0926\u0940 \u0915\u094b \u0928\u0940\u0924\u0940\u0936 \u0928\u0947 \u0926\u093f\u092f\u093e \u0924\u094b\u0939\u092b\u093e \u092c\u093f\u0939\u093e\u0930 \u092e\u0947\u0902 \u091f\u0940\u0915\u093e\u0915\u0930\u0923 \u092e\u0939\u093e\u0905\u092d\u093f\u092f\u093e\u0928 20 \u0915\u0940 \u0936\u0941\u0930\u0941\u0906\u0924\n\n\n  ","hashtags":["HappyBdayModiji","SevaAurSamarpan","vaccination"],"mentions":[],"tweet_urls":["https:\/\/t.co\/iy7Y5JkuRL"],"tweet_emoticons":[],"tweet_date":"2021-09-17T07:00:00","geolocation":null}
{"poi_name":"","poi_id":"","verified":false,"country":"India","id":"1438739613292498944","replied_to_tweet_id":1.438728619e+18,"replied_to_user_id":1237949071.0,"reply_text":"","tweet_text":"@sohitmishra99 @sakshijoshii Tekakarn mai vaccine use ho rehi ya pani aadi, kon jane, aise kai ghatnayen ujager hui hai! Right Tikakaran ka saboot nehi sambhav, mithiya parchar bhi ho dakta hai, kon jane sahe baatien?","tweet_lang":"hi","text_hi":"  Tekakarn mai vaccine use ho rehi ya pani aadi kon jane aise kai ghatnayen ujager hui hai Right Tikakaran ka saboot nehi sambhav mithiya parchar bhi ho dakta hai kon jane sahe baatien","hashtags":[],"mentions":["sohitmishra99","sakshijoshii"],"tweet_urls":[],"tweet_emoticons":[],"tweet_date":"2021-09-17T06:00:00","geolocation":null}
{"poi_name":"","poi_id":"","verified":true,"country":"India","id":"1438537705713930246","replied_to_tweet_id":null,"replied_to_user_id":null,"reply_text":"","tweet_text":"\u0932\u094b\u0917\u094b\u0902 \u0915\u094b \u091f\u0940\u0915\u093e\u0915\u0930\u0923 \u0915\u0947 \u0932\u093f\u090f \u0915\u0930\u0947\u0902 \u092a\u094d\u0930\u0947\u0930\u093f\u0924, \u092a\u0940\u090f\u092e \u0915\u094b \u091c\u0928\u094d\u092e\u0926\u093f\u0928 \u092a\u0930 \u0926\u0947\u0902 \u0909\u092a\u0939\u093e\u0930'- \u0938\u094d\u0935\u093e\u0938\u094d\u0925\u094d\u092f \u092e\u0902\u0924\u094d\u0930\u0940 \u092e\u0928\u0938\u0941\u0916 \u092e\u093e\u0902\u0921\u0935\u093f\u092f\u093e #Dailyhunt #News #PM https:\/\/t.co\/rCBianWt72","tweet_lang":"hi","text_hi":"\u0932\u094b\u0917\u094b\u0902 \u0915\u094b \u091f\u0940\u0915\u093e\u0915\u0930\u0923 \u0915\u0947 \u0932\u093f\u090f \u0915\u0930\u0947\u0902 \u092a\u094d\u0930\u0947\u0930\u093f\u0924 \u092a\u0940\u090f\u092e \u0915\u094b \u091c\u0928\u094d\u092e\u0926\u093f\u0928 \u092a\u0930 \u0926\u0947\u0902 \u0909\u092a\u0939\u093e\u0930 \u0938\u094d\u0935\u093e\u0938\u094d\u0925\u094d\u092f \u092e\u0902\u0924\u094d\u0930\u0940 \u092e\u0928\u0938\u0941\u0916 \u092e\u093e\u0902\u0921\u0935\u093f\u092f\u093e    ","hashtags":["Dailyhunt","News","PM"],"mentions":[],"tweet_urls":["https:\/\/t.co\/rCBianWt72"],"tweet_emoticons":[],"tweet_date":"2021-09-16T16:00:00","geolocation":null}
{"poi_name":"","poi_id":"","verified":false,"country":"India","id":"1438199914228445184","replied_to_tweet_id":1.438167478e+18,"replied_to_user_id":68060565.0,"reply_text":"","tweet_text":"@saurabhtop wah. tikakaran se seedhe nuclear war. bhaiyyaji ko brake mein vishwas hi nahi hai, lagta hai.","tweet_lang":"hi","text_hi":" wah tikakaran se seedhe nuclear war bhaiyyaji ko brake mein vishwas hi nahi hai lagta hai","hashtags":[],"mentions":["saurabhtop"],"tweet_urls":[],"tweet_emoticons":[],"tweet_date":"2021-09-15T18:00:00","geolocation":null}
{"poi_name":"","poi_id":"","verified":false,"country":"India","id":"1438144866492370952","replied_to_tweet_id":1.438108217e+18,"replied_to_user_id":9.735060222e+17,"reply_text":"","tweet_text":"@ProjsRewa @RewaCollector CO sir tikakaran se to bacha jayenge lekin curupson se kon bachayega","tweet_lang":"hi","text_hi":"  CO sir tikakaran se to bacha jayenge lekin curupson se kon bachayega","hashtags":[],"mentions":["ProjsRewa","RewaCollector"],"tweet_urls":[],"tweet_emoticons":[],"tweet_date":"2021-09-15T14:00:00","geolocation":null}
{"poi_name":"","poi_id":"","verified":false,"country":"India","id":"1437825658583875587","replied_to_tweet_id":1.437825655e+18,"replied_to_user_id":1.431322458e+18,"reply_text":"","tweet_text":"desh ki sabse bada tikakaran Abhiyan abhi tak 75 crore Logon Ko tikakaran Hua Hai hamary Hindustan mein","tweet_lang":"hi","text_hi":"desh ki sabse bada tikakaran Abhiyan abhi tak 75 crore Logon Ko tikakaran Hua Hai hamary Hindustan mein","hashtags":[],"mentions":[],"tweet_urls":[],"tweet_emoticons":[],"tweet_date":"2021-09-14T17:00:00","geolocation":null}
{"poi_name":"","poi_id":"","verified":false,"country":"India","id":"1437766301175500805","replied_to_tweet_id":1.437763348e+18,"replied_to_user_id":337065278.0,"reply_text":"","tweet_text":"@BJP4Delhi Arey yeh China ke tikakaran was bada kaise ho gaya, unki to aabadi bhi humse zyada hai aur avg umr bhi. Lagta hai aap jhooth to nahi keh rahe hain","tweet_lang":"hi","text_hi":" Arey yeh China ke tikakaran was bada kaise ho gaya unki to aabadi bhi humse zyada hai aur avg umr bhi Lagta hai aap jhooth to nahi keh rahe hain","hashtags":[],"mentions":["BJP4Delhi"],"tweet_urls":[],"tweet_emoticons":[],"tweet_date":"2021-09-14T13:00:00","geolocation":null}
{"poi_name":"","poi_id":"","verified":false,"country":"India","id":"1437674882809188354","replied_to_tweet_id":null,"replied_to_user_id":null,"reply_text":"","tweet_text":"\u0910\u0924\u093f\u0939\u093e\u0938\u093f\u0915 \u0909\u092a\u0932\u092c\u094d\u0927\u093f! \u092d\u093e\u0930\u0924 \u092e\u0947\u0902 75 \u0915\u0930\u094b\u0921\u093c \u0938\u0947 \u091c\u094d\u092f\u093e\u0926\u093e \u0915\u094b\u0930\u094b\u0928\u093e \u0935\u0948\u0915\u094d\u0938\u0940\u0928 \u0915\u0940 \u0921\u094b\u091c \u0932\u0917\u093e\u0908 \u0917\u0908, WHO \u0928\u0947 \u092d\u0940 \u091f\u0940\u0915\u093e\u0915\u0930\u0923 \u0905\u092d\u093f\u092f\u093e\u0928 \u0915\u094b \u0938\u0930\u093e\u0939\u093e\n\n\u0939\u092e\u0947\u0902 \u0906\u092a \u092a\u0930 \u0917\u0930\u094d\u0935 \u0939\u0948 @narendramodi \u091c\u0940\n\u0914\u0930 @RahulGandhi \u091c\u0940 \u0915\u0941\u091b \u0915\u0939\u0928\u093e \u0939\u0948?\n\nhttps:\/\/t.co\/rbrtdoQXQ1","tweet_lang":"hi","text_hi":"\u0910\u0924\u093f\u0939\u093e\u0938\u093f\u0915 \u0909\u092a\u0932\u092c\u094d\u0927\u093f \u092d\u093e\u0930\u0924 \u092e\u0947\u0902 75 \u0915\u0930\u094b\u0921\u093c \u0938\u0947 \u091c\u094d\u092f\u093e\u0926\u093e \u0915\u094b\u0930\u094b\u0928\u093e \u0935\u0948\u0915\u094d\u0938\u0940\u0928 \u0915\u0940 \u0921\u094b\u091c \u0932\u0917\u093e\u0908 \u0917\u0908 WHO \u0928\u0947 \u092d\u0940 \u091f\u0940\u0915\u093e\u0915\u0930\u0923 \u0905\u092d\u093f\u092f\u093e\u0928 \u0915\u094b \u0938\u0930\u093e\u0939\u093e\n\n\u0939\u092e\u0947\u0902 \u0906\u092a \u092a\u0930 \u0917\u0930\u094d\u0935 \u0939\u0948  \u091c\u0940\n\u0914\u0930  \u091c\u0940 \u0915\u0941\u091b \u0915\u0939\u0928\u093e \u0939\u0948\n\n","hashtags":[],"mentions":["narendramodi","RahulGandhi"],"tweet_urls":["https:\/\/t.co\/rbrtdoQXQ1"],"tweet_emoticons":[],"tweet_date":"2021-09-14T07:00:00","geolocation":null}
{"poi_name":"","poi_id":"","verified":false,"country":"India","id":"1440724239854628865","replied_to_tweet_id":null,"replied_to_user_id":null,"reply_text":"","tweet_text":"RT @Sanjaykhandelk1: @ChouhanShivraj @BJP4India @JPNadda Nahi hoga \nPregnant women and dhatri woman hai \n98% tak tikakaran ho sakta hai bas\u2026","tweet_lang":"hi","text_hi":"RT     Nahi hoga \nPregnant women and dhatri woman hai \n98 tak tikakaran ho sakta hai bas\u2026","hashtags":[],"mentions":["Sanjaykhandelk1","ChouhanShivraj","BJP4India","JPNadda"],"tweet_urls":[],"tweet_emoticons":[],"tweet_date":"2021-09-22T17:00:00","geolocation":null}
{"poi_name":"","poi_id":"","verified":false,"country":"India","id":"1440509040468000768","replied_to_tweet_id":null,"replied_to_user_id":null,"reply_text":"","tweet_text":"RT @bhakti256: \u092a\u093e\u0915\u093f\u0938\u094d\u0924\u093e\u0928 \u092e\u0947\u0902 \u092a\u094b\u0932\u093f\u092f\u094b \u091f\u0940\u0915\u093e\u0915\u0930\u0923 \u0926\u0932 \u0915\u0940 \u0938\u0941\u0930\u0915\u094d\u0937\u093e \u0915\u0930 \u0930\u0939\u0947 \u092a\u0941\u0932\u093f\u0938 \u0926\u0932 \u092a\u0930 \u0917\u094b\u0932\u0940\u092c\u093e\u0930\u0940 !\n\n\u090f\u0915 \u092a\u0941\u0932\u093f\u0938\u0915\u0930\u094d\u092e\u0940 \u0915\u0940 \u092e\u0943\u0924\u094d\u092f\u0941 !\n\nhttps:\/\/t.co\/KcUiD9Kq77\u2026","tweet_lang":"hi","text_hi":"RT  \u092a\u093e\u0915\u093f\u0938\u094d\u0924\u093e\u0928 \u092e\u0947\u0902 \u092a\u094b\u0932\u093f\u092f\u094b \u091f\u0940\u0915\u093e\u0915\u0930\u0923 \u0926\u0932 \u0915\u0940 \u0938\u0941\u0930\u0915\u094d\u0937\u093e \u0915\u0930 \u0930\u0939\u0947 \u092a\u0941\u0932\u093f\u0938 \u0926\u0932 \u092a\u0930 \u0917\u094b\u0932\u0940\u092c\u093e\u0930\u0940 \n\n\u090f\u0915 \u092a\u0941\u0932\u093f\u0938\u0915\u0930\u094d\u092e\u0940 \u0915\u0940 \u092e\u0943\u0924\u094d\u092f\u0941 \n\n\u2026","hashtags":[],"mentions":["bhakti256"],"tweet_urls":["https:\/\/t.co\/KcUiD9Kq77"],"tweet_emoticons":[],"tweet_date":"2021-09-22T03:00:00","geolocation":null}
{"poi_name":"","poi_id":"","verified":false,"country":"India","id":"1440213823894405120","replied_to_tweet_id":null,"replied_to_user_id":null,"reply_text":"","tweet_text":"RT @bhakti256: \u092a\u093e\u0915\u093f\u0938\u094d\u0924\u093e\u0928 \u092e\u0947\u0902 \u092a\u094b\u0932\u093f\u092f\u094b \u091f\u0940\u0915\u093e\u0915\u0930\u0923 \u0926\u0932 \u0915\u0940 \u0938\u0941\u0930\u0915\u094d\u0937\u093e \u0915\u0930 \u0930\u0939\u0947 \u092a\u0941\u0932\u093f\u0938 \u0926\u0932 \u092a\u0930 \u0917\u094b\u0932\u0940\u092c\u093e\u0930\u0940 !\n\n\u090f\u0915 \u092a\u0941\u0932\u093f\u0938\u0915\u0930\u094d\u092e\u0940 \u0915\u0940 \u092e\u0943\u0924\u094d\u092f\u0941 !\n\nhttps:\/\/t.co\/KcUiD9Kq77\u2026","tweet_lang":"hi","text_hi":"RT  \u092a\u093e\u0915\u093f\u0938\u094d\u0924\u093e\u0928 \u092e\u0947\u0902 \u092a\u094b\u0932\u093f\u092f\u094b \u091f\u0940\u0915\u093e\u0915\u0930\u0923 \u0926\u0932 \u0915\u0940 \u0938\u0941\u0930\u0915\u094d\u0937\u093e \u0915\u0930 \u0930\u0939\u0947 \u092a\u0941\u0932\u093f\u0938 \u0926\u0932 \u092a\u0930 \u0917\u094b\u0932\u0940\u092c\u093e\u0930\u0940 \n\n\u090f\u0915 \u092a\u0941\u0932\u093f\u0938\u0915\u0930\u094d\u092e\u0940 \u0915\u0940 \u092e\u0943\u0924\u094d\u092f\u0941 \n\n\u2026","hashtags":[],"mentions":["bhakti256"],"tweet_urls":["https:\/\/t.co\/KcUiD9Kq77"],"tweet_emoticons":[],"tweet_date":"2021-09-21T07:00:00","geolocation":null}
{"poi_name":"","poi_id":"","verified":false,"country":"India","id":"1440213598597357572","replied_to_tweet_id":null,"replied_to_user_id":null,"reply_text":"","tweet_text":"RT @bhakti256: \u092a\u093e\u0915\u093f\u0938\u094d\u0924\u093e\u0928 \u092e\u0947\u0902 \u092a\u094b\u0932\u093f\u092f\u094b \u091f\u0940\u0915\u093e\u0915\u0930\u0923 \u0926\u0932 \u0915\u0940 \u0938\u0941\u0930\u0915\u094d\u0937\u093e \u0915\u0930 \u0930\u0939\u0947 \u092a\u0941\u0932\u093f\u0938 \u0926\u0932 \u092a\u0930 \u0917\u094b\u0932\u0940\u092c\u093e\u0930\u0940 !\n\n\u090f\u0915 \u092a\u0941\u0932\u093f\u0938\u0915\u0930\u094d\u092e\u0940 \u0915\u0940 \u092e\u0943\u0924\u094d\u092f\u0941 !\n\nhttps:\/\/t.co\/KcUiD9Kq77\u2026","tweet_lang":"hi","text_hi":"RT  \u092a\u093e\u0915\u093f\u0938\u094d\u0924\u093e\u0928 \u092e\u0947\u0902 \u092a\u094b\u0932\u093f\u092f\u094b \u091f\u0940\u0915\u093e\u0915\u0930\u0923 \u0926\u0932 \u0915\u0940 \u0938\u0941\u0930\u0915\u094d\u0937\u093e \u0915\u0930 \u0930\u0939\u0947 \u092a\u0941\u0932\u093f\u0938 \u0926\u0932 \u092a\u0930 \u0917\u094b\u0932\u0940\u092c\u093e\u0930\u0940 \n\n\u090f\u0915 \u092a\u0941\u0932\u093f\u0938\u0915\u0930\u094d\u092e\u0940 \u0915\u0940 \u092e\u0943\u0924\u094d\u092f\u0941 \n\n\u2026","hashtags":[],"mentions":["bhakti256"],"tweet_urls":["https:\/\/t.co\/KcUiD9Kq77"],"tweet_emoticons":[],"tweet_date":"2021-09-21T07:00:00","geolocation":null}
{"poi_name":"","poi_id":"","verified":false,"country":"India","id":"1439647364210327555","replied_to_tweet_id":null,"replied_to_user_id":null,"reply_text":"","tweet_text":"RT @PANKAJK69922638: @OfficeOfKNath Aadarniy Kamalnath ji e Madhya Pradesh ke Atithi shikshakon ka Niyam tikakaran 12 month ka Seva Kal 62\u2026","tweet_lang":"hi","text_hi":"RT   Aadarniy Kamalnath ji e Madhya Pradesh ke Atithi shikshakon ka Niyam tikakaran 12 month ka Seva Kal 62\u2026","hashtags":[],"mentions":["PANKAJK69922638","OfficeOfKNath"],"tweet_urls":[],"tweet_emoticons":[],"tweet_date":"2021-09-19T18:00:00","geolocation":null}
{"poi_name":"","poi_id":"","verified":false,"country":"India","id":"1439122726526996483","replied_to_tweet_id":null,"replied_to_user_id":null,"reply_text":"","tweet_text":"RT @RAJESHK75929251: FARJI tikakaran hua hai","tweet_lang":"hi","text_hi":"RT  FARJI tikakaran hua hai","hashtags":[],"mentions":["RAJESHK75929251"],"tweet_urls":[],"tweet_emoticons":[],"tweet_date":"2021-09-18T07:00:00","geolocation":null}
